NATIONAL,NAT_CODE,MARKET,MKT_CODE,DMA_NAME,DMA_CODE,STORE_NO,STORE_CODE
TOTAL,TOTUS,EMERGING,MEMER,ABILENE-SWEETWATER,DABI01,84,SAB0084
TOTAL,TOTUS,EMERGING,MEMER,ABILENE-SWEETWATER,DABI01,1151,SAB1151
TOTAL,TOTUS,EMERGING,MEMER,ALBUQUERQUE-SANTA FE,DALB01,479,SAL0479
TOTAL,TOTUS,EMERGING,MEMER,ALBUQUERQUE-SANTA FE,DALB01,480,SAL0480
TOTAL,TOTUS,EMERGING,MEMER,ALBUQUERQUE-SANTA FE,DALB01,488,SAL0488
TOTAL,TOTUS,EMERGING,MEMER,ALBUQUERQUE-SANTA FE,DALB01,714,SAL0714
TOTAL,TOTUS,EMERGING,MEMER,ALBUQUERQUE-SANTA FE,DALB01,1038,SAL1038
TOTAL,TOTUS,EMERGING,MEMER,ALBUQUERQUE-SANTA FE,DALB01,1144,SAL1144
TOTAL,TOTUS,EMERGING,MEMER,ALBUQUERQUE-SANTA FE,DALB01,1388,SAL1388
TOTAL,TOTUS,EMERGING,MEMER,AMARILLO,DAMA01,90,SAM0090
TOTAL,TOTUS,EMERGING,MEMER,AMARILLO,DAMA01,416,SAM0416
TOTAL,TOTUS,EMERGING,MEMER,AMARILLO,DAMA01,892,SAM0892
TOTAL,TOTUS,EMERGING,MEMER,ANCHORAGE,DANC01,1225,SAN1225
TOTAL,TOTUS,EMERGING,MEMER,ANCHORAGE,DANC01,1443,SAN1443
TOTAL,TOTUS,EMERGING,MEMER,ATLANTA,DATL01,76,SAT0076
TOTAL,TOTUS,EMERGING,MEMER,ATLANTA,DATL01,147,SAT0147
TOTAL,TOTUS,EMERGING,MEMER,ATLANTA,DATL01,619,SAT0619
TOTAL,TOTUS,EMERGING,MEMER,ATLANTA,DATL01,663,SAT0663
TOTAL,TOTUS,EMERGING,MEMER,ATLANTA,DATL01,703,SAT0703
TOTAL,TOTUS,EMERGING,MEMER,ATLANTA,DATL01,742,SAT0742
TOTAL,TOTUS,EMERGING,MEMER,ATLANTA,DATL01,822,SAT0822
TOTAL,TOTUS,EMERGING,MEMER,ATLANTA,DATL01,834,SAT0834
TOTAL,TOTUS,EMERGING,MEMER,ATLANTA,DATL01,859,SAT0859
TOTAL,TOTUS,EMERGING,MEMER,ATLANTA,DATL01,860,SAT0860
TOTAL,TOTUS,EMERGING,MEMER,ATLANTA,DATL01,1079,SAT1079
TOTAL,TOTUS,EMERGING,MEMER,ATLANTA,DATL01,1098,SAT1098
TOTAL,TOTUS,EMERGING,MEMER,ATLANTA,DATL01,1126,SAT1126
TOTAL,TOTUS,EMERGING,MEMER,ATLANTA,DATL01,1131,SAT1131
TOTAL,TOTUS,EMERGING,MEMER,ATLANTA,DATL01,1175,SAT1175
TOTAL,TOTUS,EMERGING,MEMER,ATLANTA,DATL01,1180,SAT1180
TOTAL,TOTUS,EMERGING,MEMER,ATLANTA,DATL01,1193,SAT1193
TOTAL,TOTUS,EMERGING,MEMER,ATLANTA,DATL01,1263,SAT1263
TOTAL,TOTUS,EMERGING,MEMER,ATLANTA,DATL01,1269,SAT1269
TOTAL,TOTUS,EMERGING,MEMER,ATLANTA,DATL01,1281,SAT1281
TOTAL,TOTUS,EMERGING,MEMER,ATLANTA,DATL01,1288,SAT1288
TOTAL,TOTUS,EMERGING,MEMER,ATLANTA,DATL01,1343,SAT1343
TOTAL,TOTUS,EMERGING,MEMER,ATLANTA,DATL01,1347,SAT1347
TOTAL,TOTUS,EMERGING,MEMER,ATLANTA,DATL01,1393,SAT1393
TOTAL,TOTUS,EMERGING,MEMER,ATLANTA,DATL01,1401,SAT1401
TOTAL,TOTUS,EMERGING,MEMER,ATLANTA,DATL01,1410,SAT1410
TOTAL,TOTUS,EMERGING,MEMER,ATLANTA,DATL01,1528,SAT1528
TOTAL,TOTUS,EMERGING,MEMER,AUGUSTA-AIKEN,DAUG01,48,SAU0048
TOTAL,TOTUS,EMERGING,MEMER,AUGUSTA-AIKEN,DAUG01,101,SAU0101
TOTAL,TOTUS,EMERGING,MEMER,AUGUSTA-AIKEN,DAUG01,161,SAU0161
TOTAL,TOTUS,DEVELOPING,MDEVL,AUSTIN,DAUS01,26,SAU0026
TOTAL,TOTUS,DEVELOPING,MDEVL,AUSTIN,DAUS01,108,SAU0108
TOTAL,TOTUS,DEVELOPING,MDEVL,AUSTIN,DAUS01,164,SAU0164
TOTAL,TOTUS,DEVELOPING,MDEVL,AUSTIN,DAUS01,188,SAU0188
TOTAL,TOTUS,DEVELOPING,MDEVL,AUSTIN,DAUS01,236,SAU0236
TOTAL,TOTUS,DEVELOPING,MDEVL,AUSTIN,DAUS01,342,SAU0342
TOTAL,TOTUS,DEVELOPING,MDEVL,AUSTIN,DAUS01,378,SAU0378
TOTAL,TOTUS,DEVELOPING,MDEVL,AUSTIN,DAUS01,411,SAU0411
TOTAL,TOTUS,DEVELOPING,MDEVL,AUSTIN,DAUS01,462,SAU0462
TOTAL,TOTUS,DEVELOPING,MDEVL,AUSTIN,DAUS01,576,SAU0576
TOTAL,TOTUS,DEVELOPING,MDEVL,AUSTIN,DAUS01,706,SAU0706
TOTAL,TOTUS,DEVELOPING,MDEVL,AUSTIN,DAUS01,1035,SAU1035
TOTAL,TOTUS,DEVELOPING,MDEVL,AUSTIN,DAUS01,1112,SAU1112
TOTAL,TOTUS,DEVELOPING,MDEVL,AUSTIN,DAUS01,1218,SAU1218
TOTAL,TOTUS,DEVELOPING,MDEVL,AUSTIN,DAUS01,1219,SAU1219
TOTAL,TOTUS,DEVELOPING,MDEVL,AUSTIN,DAUS01,1275,SAU1275
TOTAL,TOTUS,EMERGING,MEMER,BAKERSFIELD,DBAK01,308,SBA0308
TOTAL,TOTUS,EMERGING,MEMER,BAKERSFIELD,DBAK01,689,SBA0689
TOTAL,TOTUS,EMERGING,MEMER,BAKERSFIELD,DBAK01,1077,SBA1077
TOTAL,TOTUS,EMERGING,MEMER,BALTIMORE,DBAL01,676,SBA0676
TOTAL,TOTUS,EMERGING,MEMER,BALTIMORE,DBAL01,1108,SBA1108
TOTAL,TOTUS,EMERGING,MEMER,BALTIMORE,DBAL01,1114,SBA1114
TOTAL,TOTUS,EMERGING,MEMER,BATON ROUGE,DBAT01,82,SBA0082
TOTAL,TOTUS,EMERGING,MEMER,BATON ROUGE,DBAT01,311,SBA0311
TOTAL,TOTUS,EMERGING,MEMER,BATON ROUGE,DBAT01,459,SBA0459
TOTAL,TOTUS,EMERGING,MEMER,BATON ROUGE,DBAT01,512,SBA0512
TOTAL,TOTUS,EMERGING,MEMER,BATON ROUGE,DBAT01,539,SBA0539
TOTAL,TOTUS,EMERGING,MEMER,BATON ROUGE,DBAT01,888,SBA0888
TOTAL,TOTUS,EMERGING,MEMER,BATON ROUGE,DBAT01,1358,SBA1358
TOTAL,TOTUS,EMERGING,MEMER,BEAUMONT-PORT ARTHUR,DBEA01,614,SBE0614
TOTAL,TOTUS,EMERGING,MEMER,BEAUMONT-PORT ARTHUR,DBEA01,1173,SBE1173
TOTAL,TOTUS,EMERGING,MEMER,BILOXI-GULFPORT,DBIL01,118,SBI0118
TOTAL,TOTUS,EMERGING,MEMER,BIRMINGHAM (ANN AND TUSC),DBIR01,18,SBI0018
TOTAL,TOTUS,EMERGING,MEMER,BIRMINGHAM (ANN AND TUSC),DBIR01,1506,SBI1506
TOTAL,TOTUS,EMERGING,MEMER,BOISE,DBOI01,1018,SBO1018
TOTAL,TOTUS,EMERGING,MEMER,BOISE,DBOI01,1093,SBO1093
TOTAL,TOTUS,EMERGING,MEMER,BOSTON (MANCHESTER),DBOS01,1185,SBO1185
TOTAL,TOTUS,EMERGING,MEMER,BOSTON (MANCHESTER),DBOS01,1233,SBO1233
TOTAL,TOTUS,EMERGING,MEMER,BOSTON (MANCHESTER),DBOS01,1251,SBO1251
TOTAL,TOTUS,EMERGING,MEMER,BOSTON (MANCHESTER),DBOS01,1303,SBO1303
TOTAL,TOTUS,EMERGING,MEMER,BOSTON (MANCHESTER),DBOS01,1371,SBO1371
TOTAL,TOTUS,EMERGING,MEMER,BOSTON (MANCHESTER),DBOS01,1429,SBO1429
TOTAL,TOTUS,EMERGING,MEMER,BOSTON (MANCHESTER),DBOS01,1459,SBO1459
TOTAL,TOTUS,EMERGING,MEMER,BOSTON (MANCHESTER),DBOS01,1513,SBO1513
TOTAL,TOTUS,EMERGING,MEMER,BOWLING GREEN,DBOW01,1082,SBO1082
TOTAL,TOTUS,EMERGING,MEMER,CEDAR RAPIDS-WTRLO-IWC&DUB,DCED01,1020,SCE1020
TOTAL,TOTUS,EMERGING,MEMER,CEDAR RAPIDS-WTRLO-IWC&DUB,DCED01,1067,SCE1067
TOTAL,TOTUS,EMERGING,MEMER,CHAMPAIGN&SPRNGFLD-DECATUR,DCHA01,39,SCH0039
TOTAL,TOTUS,EMERGING,MEMER,CHAMPAIGN&SPRNGFLD-DECATUR,DCHA01,653,SCH0653
TOTAL,TOTUS,EMERGING,MEMER,CHAMPAIGN&SPRNGFLD-DECATUR,DCHA01,1351,SCH1351
TOTAL,TOTUS,EMERGING,MEMER,"CHARLESTON, SC",DCHA01,617,SCH0617
TOTAL,TOTUS,EMERGING,MEMER,"CHARLESTON, SC",DCHA01,1367,SCH1367
TOTAL,TOTUS,EMERGING,MEMER,CHARLOTTE,DCHA01,712,SCH0712
TOTAL,TOTUS,EMERGING,MEMER,CHARLOTTE,DCHA01,1110,SCH1110
TOTAL,TOTUS,EMERGING,MEMER,CHARLOTTE,DCHA01,1394,SCH1394
TOTAL,TOTUS,EMERGING,MEMER,CHARLOTTE,DCHA01,1397,SCH1397
TOTAL,TOTUS,EMERGING,MEMER,CHARLOTTE,DCHA01,1475,SCH1475
TOTAL,TOTUS,EMERGING,MEMER,CHARLOTTE,DCHA01,1499,SCH1499
TOTAL,TOTUS,DEVELOPING,MDEVL,CHICAGO,DCHI01,57,SCH0057
TOTAL,TOTUS,DEVELOPING,MDEVL,CHICAGO,DCHI01,273,SCH0273
TOTAL,TOTUS,DEVELOPING,MDEVL,CHICAGO,DCHI01,300,SCH0300
TOTAL,TOTUS,DEVELOPING,MDEVL,CHICAGO,DCHI01,376,SCH0376
TOTAL,TOTUS,DEVELOPING,MDEVL,CHICAGO,DCHI01,399,SCH0399
TOTAL,TOTUS,DEVELOPING,MDEVL,CHICAGO,DCHI01,406,SCH0406
TOTAL,TOTUS,DEVELOPING,MDEVL,CHICAGO,DCHI01,437,SCH0437
TOTAL,TOTUS,DEVELOPING,MDEVL,CHICAGO,DCHI01,463,SCH0463
TOTAL,TOTUS,DEVELOPING,MDEVL,CHICAGO,DCHI01,520,SCH0520
TOTAL,TOTUS,DEVELOPING,MDEVL,CHICAGO,DCHI01,523,SCH0523
TOTAL,TOTUS,DEVELOPING,MDEVL,CHICAGO,DCHI01,537,SCH0537
TOTAL,TOTUS,DEVELOPING,MDEVL,CHICAGO,DCHI01,551,SCH0551
TOTAL,TOTUS,DEVELOPING,MDEVL,CHICAGO,DCHI01,552,SCH0552
TOTAL,TOTUS,DEVELOPING,MDEVL,CHICAGO,DCHI01,557,SCH0557
TOTAL,TOTUS,DEVELOPING,MDEVL,CHICAGO,DCHI01,587,SCH0587
TOTAL,TOTUS,DEVELOPING,MDEVL,CHICAGO,DCHI01,630,SCH0630
TOTAL,TOTUS,DEVELOPING,MDEVL,CHICAGO,DCHI01,641,SCH0641
TOTAL,TOTUS,DEVELOPING,MDEVL,CHICAGO,DCHI01,651,SCH0651
TOTAL,TOTUS,DEVELOPING,MDEVL,CHICAGO,DCHI01,652,SCH0652
TOTAL,TOTUS,DEVELOPING,MDEVL,CHICAGO,DCHI01,656,SCH0656
TOTAL,TOTUS,DEVELOPING,MDEVL,CHICAGO,DCHI01,675,SCH0675
TOTAL,TOTUS,DEVELOPING,MDEVL,CHICAGO,DCHI01,688,SCH0688
TOTAL,TOTUS,DEVELOPING,MDEVL,CHICAGO,DCHI01,694,SCH0694
TOTAL,TOTUS,DEVELOPING,MDEVL,CHICAGO,DCHI01,716,SCH0716
TOTAL,TOTUS,DEVELOPING,MDEVL,CHICAGO,DCHI01,726,SCH0726
TOTAL,TOTUS,DEVELOPING,MDEVL,CHICAGO,DCHI01,729,SCH0729
TOTAL,TOTUS,DEVELOPING,MDEVL,CHICAGO,DCHI01,745,SCH0745
TOTAL,TOTUS,DEVELOPING,MDEVL,CHICAGO,DCHI01,746,SCH0746
TOTAL,TOTUS,DEVELOPING,MDEVL,CHICAGO,DCHI01,757,SCH0757
TOTAL,TOTUS,DEVELOPING,MDEVL,CHICAGO,DCHI01,768,SCH0768
TOTAL,TOTUS,DEVELOPING,MDEVL,CHICAGO,DCHI01,774,SCH0774
TOTAL,TOTUS,DEVELOPING,MDEVL,CHICAGO,DCHI01,781,SCH0781
TOTAL,TOTUS,DEVELOPING,MDEVL,CHICAGO,DCHI01,788,SCH0788
TOTAL,TOTUS,DEVELOPING,MDEVL,CHICAGO,DCHI01,863,SCH0863
TOTAL,TOTUS,DEVELOPING,MDEVL,CHICAGO,DCHI01,864,SCH0864
TOTAL,TOTUS,DEVELOPING,MDEVL,CHICAGO,DCHI01,889,SCH0889
TOTAL,TOTUS,DEVELOPING,MDEVL,CHICAGO,DCHI01,894,SCH0894
TOTAL,TOTUS,DEVELOPING,MDEVL,CHICAGO,DCHI01,896,SCH0896
TOTAL,TOTUS,DEVELOPING,MDEVL,CHICAGO,DCHI01,1003,SCH1003
TOTAL,TOTUS,DEVELOPING,MDEVL,CHICAGO,DCHI01,1006,SCH1006
TOTAL,TOTUS,DEVELOPING,MDEVL,CHICAGO,DCHI01,1075,SCH1075
TOTAL,TOTUS,DEVELOPING,MDEVL,CHICAGO,DCHI01,1076,SCH1076
TOTAL,TOTUS,DEVELOPING,MDEVL,CHICAGO,DCHI01,1125,SCH1125
TOTAL,TOTUS,DEVELOPING,MDEVL,CHICAGO,DCHI01,1134,SCH1134
TOTAL,TOTUS,DEVELOPING,MDEVL,CHICAGO,DCHI01,1174,SCH1174
TOTAL,TOTUS,DEVELOPING,MDEVL,CHICAGO,DCHI01,1197,SCH1197
TOTAL,TOTUS,DEVELOPING,MDEVL,CHICAGO,DCHI01,1215,SCH1215
TOTAL,TOTUS,DEVELOPING,MDEVL,CHICAGO,DCHI01,1240,SCH1240
TOTAL,TOTUS,DEVELOPING,MDEVL,CHICAGO,DCHI01,1262,SCH1262
TOTAL,TOTUS,DEVELOPING,MDEVL,CHICAGO,DCHI01,1278,SCH1278
TOTAL,TOTUS,DEVELOPING,MDEVL,CHICAGO,DCHI01,1296,SCH1296
TOTAL,TOTUS,DEVELOPING,MDEVL,CHICAGO,DCHI01,1299,SCH1299
TOTAL,TOTUS,DEVELOPING,MDEVL,CHICAGO,DCHI01,1305,SCH1305
TOTAL,TOTUS,DEVELOPING,MDEVL,CHICAGO,DCHI01,1341,SCH1341
TOTAL,TOTUS,DEVELOPING,MDEVL,CHICAGO,DCHI01,1353,SCH1353
TOTAL,TOTUS,DEVELOPING,MDEVL,CHICAGO,DCHI01,1365,SCH1365
TOTAL,TOTUS,DEVELOPING,MDEVL,CHICAGO,DCHI01,1374,SCH1374
TOTAL,TOTUS,DEVELOPING,MDEVL,CHICAGO,DCHI01,1391,SCH1391
TOTAL,TOTUS,DEVELOPING,MDEVL,CHICAGO,DCHI01,1444,SCH1444
TOTAL,TOTUS,DEVELOPING,MDEVL,CHICAGO,DCHI01,1457,SCH1457
TOTAL,TOTUS,DEVELOPING,MDEVL,CHICAGO,DCHI01,1460,SCH1460
TOTAL,TOTUS,DEVELOPING,MDEVL,CHICAGO,DCHI01,1461,SCH1461
TOTAL,TOTUS,DEVELOPING,MDEVL,CHICAGO,DCHI01,1482,SCH1482
TOTAL,TOTUS,DEVELOPING,MDEVL,CHICAGO,DCHI01,1501,SCH1501
TOTAL,TOTUS,DEVELOPING,MDEVL,CHICAGO,DCHI01,1573,SCH1573
TOTAL,TOTUS,EMERGING,MEMER,CHICO-REDDING,DCHI01,699,SCH0699
TOTAL,TOTUS,EMERGING,MEMER,CINCINNATI,DCIN01,833,SCI0833
TOTAL,TOTUS,EMERGING,MEMER,CINCINNATI,DCIN01,1187,SCI1187
TOTAL,TOTUS,EMERGING,MEMER,CINCINNATI,DCIN01,1352,SCI1352
TOTAL,TOTUS,EMERGING,MEMER,CINCINNATI,DCIN01,1502,SCI1502
TOTAL,TOTUS,EMERGING,MEMER,CINCINNATI,DCIN01,1577,SCI1577
TOTAL,TOTUS,EMERGING,MEMER,CLEVELAND-AKRON (CANTON),DCLE01,155,SCL0155
TOTAL,TOTUS,EMERGING,MEMER,CLEVELAND-AKRON (CANTON),DCLE01,734,SCL0734
TOTAL,TOTUS,EMERGING,MEMER,CLEVELAND-AKRON (CANTON),DCLE01,873,SCL0873
TOTAL,TOTUS,EMERGING,MEMER,CLEVELAND-AKRON (CANTON),DCLE01,1117,SCL1117
TOTAL,TOTUS,EMERGING,MEMER,CLEVELAND-AKRON (CANTON),DCLE01,1172,SCL1172
TOTAL,TOTUS,EMERGING,MEMER,CLEVELAND-AKRON (CANTON),DCLE01,1216,SCL1216
TOTAL,TOTUS,EMERGING,MEMER,CLEVELAND-AKRON (CANTON),DCLE01,1364,SCL1364
TOTAL,TOTUS,EMERGING,MEMER,CLEVELAND-AKRON (CANTON),DCLE01,1472,SCL1472
TOTAL,TOTUS,EMERGING,MEMER,CLEVELAND-AKRON (CANTON),DCLE01,1532,SCL1532
TOTAL,TOTUS,EMERGING,MEMER,COLORADO SPRINGS-PUEBLO,DCOL01,78,SCO0078
TOTAL,TOTUS,EMERGING,MEMER,COLORADO SPRINGS-PUEBLO,DCOL01,143,SCO0143
TOTAL,TOTUS,EMERGING,MEMER,COLORADO SPRINGS-PUEBLO,DCOL01,187,SCO0187
TOTAL,TOTUS,EMERGING,MEMER,COLORADO SPRINGS-PUEBLO,DCOL01,813,SCO0813
TOTAL,TOTUS,EMERGING,MEMER,COLORADO SPRINGS-PUEBLO,DCOL01,1246,SCO1246
TOTAL,TOTUS,EMERGING,MEMER,"COLUMBIA, SC",DCOL01,848,SCO0848
TOTAL,TOTUS,EMERGING,MEMER,"COLUMBIA, SC",DCOL01,891,SCO0891
TOTAL,TOTUS,EMERGING,MEMER,COLUMBIA-JEFFERSON CITY,DCOL01,1183,SCO1183
TOTAL,TOTUS,EMERGING,MEMER,"COLUMBUS, GA (OPELIKA, AL)",DCOL01,457,SCO0457
TOTAL,TOTUS,EMERGING,MEMER,"COLUMBUS, GA (OPELIKA, AL)",DCOL01,629,SCO0629
TOTAL,TOTUS,EMERGING,MEMER,"COLUMBUS, OH",DCOL01,671,SCO0671
TOTAL,TOTUS,EMERGING,MEMER,"COLUMBUS, OH",DCOL01,686,SCO0686
TOTAL,TOTUS,EMERGING,MEMER,"COLUMBUS, OH",DCOL01,700,SCO0700
TOTAL,TOTUS,EMERGING,MEMER,"COLUMBUS, OH",DCOL01,733,SCO0733
TOTAL,TOTUS,EMERGING,MEMER,"COLUMBUS, OH",DCOL01,1053,SCO1053
TOTAL,TOTUS,EMERGING,MEMER,"COLUMBUS, OH",DCOL01,1054,SCO1054
TOTAL,TOTUS,EMERGING,MEMER,"COLUMBUS, OH",DCOL01,1166,SCO1166
TOTAL,TOTUS,EMERGING,MEMER,COLUMBUS-TUPELO-W PNT-HSTN,DCOL01,753,SCO0753
TOTAL,TOTUS,EMERGING,MEMER,COLUMBUS-TUPELO-W PNT-HSTN,DCOL01,777,SCO0777
TOTAL,TOTUS,EMERGING,MEMER,CORPUS CHRISTI,DCOR01,50,SCO0050
TOTAL,TOTUS,EMERGING,MEMER,CORPUS CHRISTI,DCOR01,149,SCO0149
TOTAL,TOTUS,EMERGING,MEMER,CORPUS CHRISTI,DCOR01,312,SCO0312
TOTAL,TOTUS,EMERGING,MEMER,CORPUS CHRISTI,DCOR01,361,SCO0361
TOTAL,TOTUS,EMERGING,MEMER,CORPUS CHRISTI,DCOR01,405,SCO0405
TOTAL,TOTUS,EMERGING,MEMER,CORPUS CHRISTI,DCOR01,567,SCO0567
TOTAL,TOTUS,EMERGING,MEMER,CORPUS CHRISTI,DCOR01,1217,SCO1217
TOTAL,TOTUS,CORE,MCORE,DALLAS-FT. WORTH,DDAL01,1,SDA0001
TOTAL,TOTUS,CORE,MCORE,DALLAS-FT. WORTH,DDAL01,2,SDA0002
TOTAL,TOTUS,CORE,MCORE,DALLAS-FT. WORTH,DDAL01,3,SDA0003
TOTAL,TOTUS,CORE,MCORE,DALLAS-FT. WORTH,DDAL01,4,SDA0004
TOTAL,TOTUS,CORE,MCORE,DALLAS-FT. WORTH,DDAL01,5,SDA0005
TOTAL,TOTUS,CORE,MCORE,DALLAS-FT. WORTH,DDAL01,7,SDA0007
TOTAL,TOTUS,CORE,MCORE,DALLAS-FT. WORTH,DDAL01,8,SDA0008
TOTAL,TOTUS,CORE,MCORE,DALLAS-FT. WORTH,DDAL01,9,SDA0009
TOTAL,TOTUS,CORE,MCORE,DALLAS-FT. WORTH,DDAL01,10,SDA0010
TOTAL,TOTUS,CORE,MCORE,DALLAS-FT. WORTH,DDAL01,12,SDA0012
TOTAL,TOTUS,CORE,MCORE,DALLAS-FT. WORTH,DDAL01,13,SDA0013
TOTAL,TOTUS,CORE,MCORE,DALLAS-FT. WORTH,DDAL01,15,SDA0015
TOTAL,TOTUS,CORE,MCORE,DALLAS-FT. WORTH,DDAL01,19,SDA0019
TOTAL,TOTUS,CORE,MCORE,DALLAS-FT. WORTH,DDAL01,27,SDA0027
TOTAL,TOTUS,CORE,MCORE,DALLAS-FT. WORTH,DDAL01,28,SDA0028
TOTAL,TOTUS,CORE,MCORE,DALLAS-FT. WORTH,DDAL01,29,SDA0029
TOTAL,TOTUS,CORE,MCORE,DALLAS-FT. WORTH,DDAL01,32,SDA0032
TOTAL,TOTUS,CORE,MCORE,DALLAS-FT. WORTH,DDAL01,34,SDA0034
TOTAL,TOTUS,CORE,MCORE,DALLAS-FT. WORTH,DDAL01,51,SDA0051
TOTAL,TOTUS,CORE,MCORE,DALLAS-FT. WORTH,DDAL01,61,SDA0061
TOTAL,TOTUS,CORE,MCORE,DALLAS-FT. WORTH,DDAL01,66,SDA0066
TOTAL,TOTUS,CORE,MCORE,DALLAS-FT. WORTH,DDAL01,72,SDA0072
TOTAL,TOTUS,CORE,MCORE,DALLAS-FT. WORTH,DDAL01,87,SDA0087
TOTAL,TOTUS,CORE,MCORE,DALLAS-FT. WORTH,DDAL01,95,SDA0095
TOTAL,TOTUS,CORE,MCORE,DALLAS-FT. WORTH,DDAL01,104,SDA0104
TOTAL,TOTUS,CORE,MCORE,DALLAS-FT. WORTH,DDAL01,129,SDA0129
TOTAL,TOTUS,CORE,MCORE,DALLAS-FT. WORTH,DDAL01,138,SDA0138
TOTAL,TOTUS,CORE,MCORE,DALLAS-FT. WORTH,DDAL01,140,SDA0140
TOTAL,TOTUS,CORE,MCORE,DALLAS-FT. WORTH,DDAL01,154,SDA0154
TOTAL,TOTUS,CORE,MCORE,DALLAS-FT. WORTH,DDAL01,165,SDA0165
TOTAL,TOTUS,CORE,MCORE,DALLAS-FT. WORTH,DDAL01,168,SDA0168
TOTAL,TOTUS,CORE,MCORE,DALLAS-FT. WORTH,DDAL01,203,SDA0203
TOTAL,TOTUS,CORE,MCORE,DALLAS-FT. WORTH,DDAL01,210,SDA0210
TOTAL,TOTUS,CORE,MCORE,DALLAS-FT. WORTH,DDAL01,214,SDA0214
TOTAL,TOTUS,CORE,MCORE,DALLAS-FT. WORTH,DDAL01,215,SDA0215
TOTAL,TOTUS,CORE,MCORE,DALLAS-FT. WORTH,DDAL01,223,SDA0223
TOTAL,TOTUS,CORE,MCORE,DALLAS-FT. WORTH,DDAL01,224,SDA0224
TOTAL,TOTUS,CORE,MCORE,DALLAS-FT. WORTH,DDAL01,232,SDA0232
TOTAL,TOTUS,CORE,MCORE,DALLAS-FT. WORTH,DDAL01,242,SDA0242
TOTAL,TOTUS,CORE,MCORE,DALLAS-FT. WORTH,DDAL01,245,SDA0245
TOTAL,TOTUS,CORE,MCORE,DALLAS-FT. WORTH,DDAL01,249,SDA0249
TOTAL,TOTUS,CORE,MCORE,DALLAS-FT. WORTH,DDAL01,288,SDA0288
TOTAL,TOTUS,CORE,MCORE,DALLAS-FT. WORTH,DDAL01,298,SDA0298
TOTAL,TOTUS,CORE,MCORE,DALLAS-FT. WORTH,DDAL01,306,SDA0306
TOTAL,TOTUS,CORE,MCORE,DALLAS-FT. WORTH,DDAL01,329,SDA0329
TOTAL,TOTUS,CORE,MCORE,DALLAS-FT. WORTH,DDAL01,332,SDA0332
TOTAL,TOTUS,CORE,MCORE,DALLAS-FT. WORTH,DDAL01,333,SDA0333
TOTAL,TOTUS,CORE,MCORE,DALLAS-FT. WORTH,DDAL01,340,SDA0340
TOTAL,TOTUS,CORE,MCORE,DALLAS-FT. WORTH,DDAL01,344,SDA0344
TOTAL,TOTUS,CORE,MCORE,DALLAS-FT. WORTH,DDAL01,345,SDA0345
TOTAL,TOTUS,CORE,MCORE,DALLAS-FT. WORTH,DDAL01,356,SDA0356
TOTAL,TOTUS,CORE,MCORE,DALLAS-FT. WORTH,DDAL01,391,SDA0391
TOTAL,TOTUS,CORE,MCORE,DALLAS-FT. WORTH,DDAL01,398,SDA0398
TOTAL,TOTUS,CORE,MCORE,DALLAS-FT. WORTH,DDAL01,404,SDA0404
TOTAL,TOTUS,CORE,MCORE,DALLAS-FT. WORTH,DDAL01,476,SDA0476
TOTAL,TOTUS,CORE,MCORE,DALLAS-FT. WORTH,DDAL01,491,SDA0491
TOTAL,TOTUS,CORE,MCORE,DALLAS-FT. WORTH,DDAL01,525,SDA0525
TOTAL,TOTUS,CORE,MCORE,DALLAS-FT. WORTH,DDAL01,534,SDA0534
TOTAL,TOTUS,CORE,MCORE,DALLAS-FT. WORTH,DDAL01,538,SDA0538
TOTAL,TOTUS,CORE,MCORE,DALLAS-FT. WORTH,DDAL01,564,SDA0564
TOTAL,TOTUS,CORE,MCORE,DALLAS-FT. WORTH,DDAL01,575,SDA0575
TOTAL,TOTUS,CORE,MCORE,DALLAS-FT. WORTH,DDAL01,599,SDA0599
TOTAL,TOTUS,CORE,MCORE,DALLAS-FT. WORTH,DDAL01,633,SDA0633
TOTAL,TOTUS,CORE,MCORE,DALLAS-FT. WORTH,DDAL01,690,SDA0690
TOTAL,TOTUS,CORE,MCORE,DALLAS-FT. WORTH,DDAL01,704,SDA0704
TOTAL,TOTUS,CORE,MCORE,DALLAS-FT. WORTH,DDAL01,727,SDA0727
TOTAL,TOTUS,CORE,MCORE,DALLAS-FT. WORTH,DDAL01,772,SDA0772
TOTAL,TOTUS,CORE,MCORE,DALLAS-FT. WORTH,DDAL01,780,SDA0780
TOTAL,TOTUS,CORE,MCORE,DALLAS-FT. WORTH,DDAL01,815,SDA0815
TOTAL,TOTUS,CORE,MCORE,DALLAS-FT. WORTH,DDAL01,818,SDA0818
TOTAL,TOTUS,CORE,MCORE,DALLAS-FT. WORTH,DDAL01,849,SDA0849
TOTAL,TOTUS,CORE,MCORE,DALLAS-FT. WORTH,DDAL01,878,SDA0878
TOTAL,TOTUS,CORE,MCORE,DALLAS-FT. WORTH,DDAL01,890,SDA0890
TOTAL,TOTUS,CORE,MCORE,DALLAS-FT. WORTH,DDAL01,958,SDA0958
TOTAL,TOTUS,CORE,MCORE,DALLAS-FT. WORTH,DDAL01,959,SDA0959
TOTAL,TOTUS,CORE,MCORE,DALLAS-FT. WORTH,DDAL01,960,SDA0960
TOTAL,TOTUS,CORE,MCORE,DALLAS-FT. WORTH,DDAL01,961,SDA0961
TOTAL,TOTUS,CORE,MCORE,DALLAS-FT. WORTH,DDAL01,962,SDA0962
TOTAL,TOTUS,CORE,MCORE,DALLAS-FT. WORTH,DDAL01,964,SDA0964
TOTAL,TOTUS,CORE,MCORE,DALLAS-FT. WORTH,DDAL01,965,SDA0965
TOTAL,TOTUS,CORE,MCORE,DALLAS-FT. WORTH,DDAL01,967,SDA0967
TOTAL,TOTUS,CORE,MCORE,DALLAS-FT. WORTH,DDAL01,968,SDA0968
TOTAL,TOTUS,CORE,MCORE,DALLAS-FT. WORTH,DDAL01,969,SDA0969
TOTAL,TOTUS,CORE,MCORE,DALLAS-FT. WORTH,DDAL01,980,SDA0980
TOTAL,TOTUS,CORE,MCORE,DALLAS-FT. WORTH,DDAL01,981,SDA0981
TOTAL,TOTUS,CORE,MCORE,DALLAS-FT. WORTH,DDAL01,982,SDA0982
TOTAL,TOTUS,CORE,MCORE,DALLAS-FT. WORTH,DDAL01,983,SDA0983
TOTAL,TOTUS,CORE,MCORE,DALLAS-FT. WORTH,DDAL01,985,SDA0985
TOTAL,TOTUS,CORE,MCORE,DALLAS-FT. WORTH,DDAL01,993,SDA0993
TOTAL,TOTUS,CORE,MCORE,DALLAS-FT. WORTH,DDAL01,997,SDA0997
TOTAL,TOTUS,CORE,MCORE,DALLAS-FT. WORTH,DDAL01,998,SDA0998
TOTAL,TOTUS,CORE,MCORE,DALLAS-FT. WORTH,DDAL01,999,SDA0999
TOTAL,TOTUS,CORE,MCORE,DALLAS-FT. WORTH,DDAL01,1012,SDA1012
TOTAL,TOTUS,CORE,MCORE,DALLAS-FT. WORTH,DDAL01,1017,SDA1017
TOTAL,TOTUS,CORE,MCORE,DALLAS-FT. WORTH,DDAL01,1057,SDA1057
TOTAL,TOTUS,CORE,MCORE,DALLAS-FT. WORTH,DDAL01,1065,SDA1065
TOTAL,TOTUS,CORE,MCORE,DALLAS-FT. WORTH,DDAL01,1073,SDA1073
TOTAL,TOTUS,CORE,MCORE,DALLAS-FT. WORTH,DDAL01,1084,SDA1084
TOTAL,TOTUS,CORE,MCORE,DALLAS-FT. WORTH,DDAL01,1132,SDA1132
TOTAL,TOTUS,CORE,MCORE,DALLAS-FT. WORTH,DDAL01,1155,SDA1155
TOTAL,TOTUS,CORE,MCORE,DALLAS-FT. WORTH,DDAL01,1161,SDA1161
TOTAL,TOTUS,CORE,MCORE,DALLAS-FT. WORTH,DDAL01,1235,SDA1235
TOTAL,TOTUS,CORE,MCORE,DALLAS-FT. WORTH,DDAL01,1253,SDA1253
TOTAL,TOTUS,CORE,MCORE,DALLAS-FT. WORTH,DDAL01,1255,SDA1255
TOTAL,TOTUS,CORE,MCORE,DALLAS-FT. WORTH,DDAL01,1259,SDA1259
TOTAL,TOTUS,CORE,MCORE,DALLAS-FT. WORTH,DDAL01,1266,SDA1266
TOTAL,TOTUS,CORE,MCORE,DALLAS-FT. WORTH,DDAL01,1270,SDA1270
TOTAL,TOTUS,CORE,MCORE,DALLAS-FT. WORTH,DDAL01,1340,SDA1340
TOTAL,TOTUS,CORE,MCORE,DALLAS-FT. WORTH,DDAL01,1366,SDA1366
TOTAL,TOTUS,CORE,MCORE,DALLAS-FT. WORTH,DDAL01,1379,SDA1379
TOTAL,TOTUS,CORE,MCORE,DALLAS-FT. WORTH,DDAL01,1409,SDA1409
TOTAL,TOTUS,CORE,MCORE,DALLAS-FT. WORTH,DDAL01,1452,SDA1452
TOTAL,TOTUS,CORE,MCORE,DALLAS-FT. WORTH,DDAL01,1468,SDA1468
TOTAL,TOTUS,CORE,MCORE,DALLAS-FT. WORTH,DDAL01,1492,SDA1492
TOTAL,TOTUS,EMERGING,MEMER,DAVENPORT-R.ISLAND-MOLINE,DDAV01,1031,SDA1031
TOTAL,TOTUS,EMERGING,MEMER,DAYTON,DDAY01,1271,SDA1271
TOTAL,TOTUS,DEVELOPING,MDEVL,DENVER,DDEN01,36,SDE0036
TOTAL,TOTUS,DEVELOPING,MDEVL,DENVER,DDEN01,94,SDE0094
TOTAL,TOTUS,DEVELOPING,MDEVL,DENVER,DDEN01,100,SDE0100
TOTAL,TOTUS,DEVELOPING,MDEVL,DENVER,DDEN01,134,SDE0134
TOTAL,TOTUS,DEVELOPING,MDEVL,DENVER,DDEN01,159,SDE0159
TOTAL,TOTUS,DEVELOPING,MDEVL,DENVER,DDEN01,167,SDE0167
TOTAL,TOTUS,DEVELOPING,MDEVL,DENVER,DDEN01,171,SDE0171
TOTAL,TOTUS,DEVELOPING,MDEVL,DENVER,DDEN01,181,SDE0181
TOTAL,TOTUS,DEVELOPING,MDEVL,DENVER,DDEN01,204,SDE0204
TOTAL,TOTUS,DEVELOPING,MDEVL,DENVER,DDEN01,227,SDE0227
TOTAL,TOTUS,DEVELOPING,MDEVL,DENVER,DDEN01,291,SDE0291
TOTAL,TOTUS,DEVELOPING,MDEVL,DENVER,DDEN01,471,SDE0471
TOTAL,TOTUS,DEVELOPING,MDEVL,DENVER,DDEN01,497,SDE0497
TOTAL,TOTUS,DEVELOPING,MDEVL,DENVER,DDEN01,578,SDE0578
TOTAL,TOTUS,DEVELOPING,MDEVL,DENVER,DDEN01,850,SDE0850
TOTAL,TOTUS,DEVELOPING,MDEVL,DENVER,DDEN01,882,SDE0882
TOTAL,TOTUS,DEVELOPING,MDEVL,DENVER,DDEN01,1091,SDE1091
TOTAL,TOTUS,DEVELOPING,MDEVL,DENVER,DDEN01,1369,SDE1369
TOTAL,TOTUS,DEVELOPING,MDEVL,DENVER,DDEN01,1402,SDE1402
TOTAL,TOTUS,DEVELOPING,MDEVL,DENVER,DDEN01,1435,SDE1435
TOTAL,TOTUS,EMERGING,MEMER,DES MOINES-AMES,DDES01,1389,SDE1389
TOTAL,TOTUS,EMERGING,MEMER,DES MOINES-AMES,DDES01,1440,SDE1440
TOTAL,TOTUS,EMERGING,MEMER,DETROIT,DDET01,624,SDE0624
TOTAL,TOTUS,EMERGING,MEMER,DETROIT,DDET01,657,SDE0657
TOTAL,TOTUS,EMERGING,MEMER,DETROIT,DDET01,667,SDE0667
TOTAL,TOTUS,EMERGING,MEMER,DETROIT,DDET01,853,SDE0853
TOTAL,TOTUS,EMERGING,MEMER,DETROIT,DDET01,1392,SDE1392
TOTAL,TOTUS,EMERGING,MEMER,DETROIT,DDET01,1417,SDE1417
TOTAL,TOTUS,EMERGING,MEMER,DETROIT,DDET01,1540,SDE1540
TOTAL,TOTUS,EMERGING,MEMER,DETROIT,DDET01,1544,SDE1544
TOTAL,TOTUS,EMERGING,MEMER,DETROIT,DDET01,1550,SDE1550
TOTAL,TOTUS,EMERGING,MEMER,DETROIT,DDET01,1555,SDE1555
TOTAL,TOTUS,EMERGING,MEMER,EL PASO (LAS CRUCES),DEL 01,55,SEL0055
TOTAL,TOTUS,EMERGING,MEMER,EL PASO (LAS CRUCES),DEL 01,73,SEL0073
TOTAL,TOTUS,EMERGING,MEMER,EL PASO (LAS CRUCES),DEL 01,102,SEL0102
TOTAL,TOTUS,EMERGING,MEMER,EL PASO (LAS CRUCES),DEL 01,170,SEL0170
TOTAL,TOTUS,EMERGING,MEMER,EL PASO (LAS CRUCES),DEL 01,248,SEL0248
TOTAL,TOTUS,EMERGING,MEMER,EL PASO (LAS CRUCES),DEL 01,445,SEL0445
TOTAL,TOTUS,EMERGING,MEMER,EL PASO (LAS CRUCES),DEL 01,446,SEL0446
TOTAL,TOTUS,EMERGING,MEMER,EL PASO (LAS CRUCES),DEL 01,684,SEL0684
TOTAL,TOTUS,EMERGING,MEMER,EL PASO (LAS CRUCES),DEL 01,1158,SEL1158
TOTAL,TOTUS,EMERGING,MEMER,EL PASO (LAS CRUCES),DEL 01,1248,SEL1248
TOTAL,TOTUS,EMERGING,MEMER,EL PASO (LAS CRUCES),DEL 01,1333,SEL1333
TOTAL,TOTUS,EMERGING,MEMER,EVANSVILLE,DEVA01,1427,SEV1427
TOTAL,TOTUS,EMERGING,MEMER,FARGO,DFAR01,1523,SFA1523
TOTAL,TOTUS,EMERGING,MEMER,FRESNO-VISALIA,DFRE01,275,SFR0275
TOTAL,TOTUS,EMERGING,MEMER,FRESNO-VISALIA,DFRE01,510,SFR0510
TOTAL,TOTUS,EMERGING,MEMER,FRESNO-VISALIA,DFRE01,516,SFR0516
TOTAL,TOTUS,EMERGING,MEMER,FRESNO-VISALIA,DFRE01,585,SFR0585
TOTAL,TOTUS,EMERGING,MEMER,FRESNO-VISALIA,DFRE01,713,SFR0713
TOTAL,TOTUS,EMERGING,MEMER,FRESNO-VISALIA,DFRE01,715,SFR0715
TOTAL,TOTUS,EMERGING,MEMER,FRESNO-VISALIA,DFRE01,837,SFR0837
TOTAL,TOTUS,EMERGING,MEMER,FRESNO-VISALIA,DFRE01,844,SFR0844
TOTAL,TOTUS,EMERGING,MEMER,FRESNO-VISALIA,DFRE01,1089,SFR1089
TOTAL,TOTUS,EMERGING,MEMER,FRESNO-VISALIA,DFRE01,1115,SFR1115
TOTAL,TOTUS,EMERGING,MEMER,FRESNO-VISALIA,DFRE01,1256,SFR1256
TOTAL,TOTUS,EMERGING,MEMER,FRESNO-VISALIA,DFRE01,1265,SFR1265
TOTAL,TOTUS,EMERGING,MEMER,FRESNO-VISALIA,DFRE01,1338,SFR1338
TOTAL,TOTUS,EMERGING,MEMER,FRESNO-VISALIA,DFRE01,1380,SFR1380
TOTAL,TOTUS,EMERGING,MEMER,FT. MYERS-NAPLES,DFT.01,1152,SFT1152
TOTAL,TOTUS,EMERGING,MEMER,FT. MYERS-NAPLES,DFT.01,1316,SFT1316
TOTAL,TOTUS,EMERGING,MEMER,FT. MYERS-NAPLES,DFT.01,1323,SFT1323
TOTAL,TOTUS,EMERGING,MEMER,FT. SMITH-FAY-SPRNGDL-RGRS,DFT.01,212,SFT0212
TOTAL,TOTUS,EMERGING,MEMER,FT. SMITH-FAY-SPRNGDL-RGRS,DFT.01,468,SFT0468
TOTAL,TOTUS,EMERGING,MEMER,GAINESVILLE,DGAI01,47,SGA0047
TOTAL,TOTUS,EMERGING,MEMER,GAINESVILLE,DGAI01,866,SGA0866
TOTAL,TOTUS,EMERGING,MEMER,GRAND RAPIDS-KALMZOO-B.CRK,DGRA01,1512,SGR1512
TOTAL,TOTUS,EMERGING,MEMER,GREEN BAY-APPLETON,DGRE01,1124,SGR1124
TOTAL,TOTUS,EMERGING,MEMER,GREEN BAY-APPLETON,DGRE01,1128,SGR1128
TOTAL,TOTUS,EMERGING,MEMER,GREENSBORO-H.POINT-W.SALEM,DGRE01,1504,SGR1504
TOTAL,TOTUS,EMERGING,MEMER,GREENSBORO-H.POINT-W.SALEM,DGRE01,1538,SGR1538
TOTAL,TOTUS,EMERGING,MEMER,GREENSBORO-H.POINT-W.SALEM,DGRE01,1554,SGR1554
TOTAL,TOTUS,EMERGING,MEMER,GREENSBORO-H.POINT-W.SALEM,DGRE01,1575,SGR1575
TOTAL,TOTUS,EMERGING,MEMER,GREENVILLE-N.BERN-WASHNGTN,DGRE01,1426,SGR1426
TOTAL,TOTUS,EMERGING,MEMER,GREENVLL-SPART-ASHEVLL-AND,DGRE01,469,SGR0469
TOTAL,TOTUS,EMERGING,MEMER,GREENVLL-SPART-ASHEVLL-AND,DGRE01,1198,SGR1198
TOTAL,TOTUS,EMERGING,MEMER,GREENVLL-SPART-ASHEVLL-AND,DGRE01,1382,SGR1382
TOTAL,TOTUS,EMERGING,MEMER,HARLINGEN-WSLCO-BRNSVL-MCA,DHAR01,68,SHA0068
TOTAL,TOTUS,EMERGING,MEMER,HARLINGEN-WSLCO-BRNSVL-MCA,DHAR01,89,SHA0089
TOTAL,TOTUS,EMERGING,MEMER,HARLINGEN-WSLCO-BRNSVL-MCA,DHAR01,235,SHA0235
TOTAL,TOTUS,EMERGING,MEMER,HARLINGEN-WSLCO-BRNSVL-MCA,DHAR01,251,SHA0251
TOTAL,TOTUS,EMERGING,MEMER,HARLINGEN-WSLCO-BRNSVL-MCA,DHAR01,261,SHA0261
TOTAL,TOTUS,EMERGING,MEMER,HARLINGEN-WSLCO-BRNSVL-MCA,DHAR01,287,SHA0287
TOTAL,TOTUS,EMERGING,MEMER,HARLINGEN-WSLCO-BRNSVL-MCA,DHAR01,318,SHA0318
TOTAL,TOTUS,EMERGING,MEMER,HARLINGEN-WSLCO-BRNSVL-MCA,DHAR01,339,SHA0339
TOTAL,TOTUS,EMERGING,MEMER,HARLINGEN-WSLCO-BRNSVL-MCA,DHAR01,357,SHA0357
TOTAL,TOTUS,EMERGING,MEMER,HARLINGEN-WSLCO-BRNSVL-MCA,DHAR01,372,SHA0372
TOTAL,TOTUS,EMERGING,MEMER,HARLINGEN-WSLCO-BRNSVL-MCA,DHAR01,407,SHA0407
TOTAL,TOTUS,EMERGING,MEMER,HARLINGEN-WSLCO-BRNSVL-MCA,DHAR01,413,SHA0413
TOTAL,TOTUS,EMERGING,MEMER,HARLINGEN-WSLCO-BRNSVL-MCA,DHAR01,439,SHA0439
TOTAL,TOTUS,EMERGING,MEMER,HARLINGEN-WSLCO-BRNSVL-MCA,DHAR01,442,SHA0442
TOTAL,TOTUS,EMERGING,MEMER,HARLINGEN-WSLCO-BRNSVL-MCA,DHAR01,541,SHA0541
TOTAL,TOTUS,EMERGING,MEMER,HARLINGEN-WSLCO-BRNSVL-MCA,DHAR01,547,SHA0547
TOTAL,TOTUS,EMERGING,MEMER,HARLINGEN-WSLCO-BRNSVL-MCA,DHAR01,562,SHA0562
TOTAL,TOTUS,EMERGING,MEMER,HARLINGEN-WSLCO-BRNSVL-MCA,DHAR01,571,SHA0571
TOTAL,TOTUS,EMERGING,MEMER,HARLINGEN-WSLCO-BRNSVL-MCA,DHAR01,577,SHA0577
TOTAL,TOTUS,EMERGING,MEMER,HARLINGEN-WSLCO-BRNSVL-MCA,DHAR01,604,SHA0604
TOTAL,TOTUS,EMERGING,MEMER,HARLINGEN-WSLCO-BRNSVL-MCA,DHAR01,609,SHA0609
TOTAL,TOTUS,EMERGING,MEMER,HARLINGEN-WSLCO-BRNSVL-MCA,DHAR01,647,SHA0647
TOTAL,TOTUS,EMERGING,MEMER,HARLINGEN-WSLCO-BRNSVL-MCA,DHAR01,674,SHA0674
TOTAL,TOTUS,EMERGING,MEMER,HARLINGEN-WSLCO-BRNSVL-MCA,DHAR01,773,SHA0773
TOTAL,TOTUS,EMERGING,MEMER,HARLINGEN-WSLCO-BRNSVL-MCA,DHAR01,1048,SHA1048
TOTAL,TOTUS,EMERGING,MEMER,HARLINGEN-WSLCO-BRNSVL-MCA,DHAR01,1060,SHA1060
TOTAL,TOTUS,EMERGING,MEMER,HARLINGEN-WSLCO-BRNSVL-MCA,DHAR01,1121,SHA1121
TOTAL,TOTUS,EMERGING,MEMER,HARLINGEN-WSLCO-BRNSVL-MCA,DHAR01,1329,SHA1329
TOTAL,TOTUS,EMERGING,MEMER,HARLINGEN-WSLCO-BRNSVL-MCA,DHAR01,1387,SHA1387
TOTAL,TOTUS,EMERGING,MEMER,HARLINGEN-WSLCO-BRNSVL-MCA,DHAR01,1520,SHA1520
TOTAL,TOTUS,EMERGING,MEMER,HARTFORD & NEW HAVEN,DHAR01,846,SHA0846
TOTAL,TOTUS,EMERGING,MEMER,HARTFORD & NEW HAVEN,DHAR01,867,SHA0867
TOTAL,TOTUS,EMERGING,MEMER,HARTFORD & NEW HAVEN,DHAR01,868,SHA0868
TOTAL,TOTUS,EMERGING,MEMER,HATTIESBURG-LAUREL,DHAT01,870,SHA0870
TOTAL,TOTUS,EMERGING,MEMER,HONOLULU,DHON01,754,SHO0754
TOTAL,TOTUS,EMERGING,MEMER,HONOLULU,DHON01,776,SHO0776
TOTAL,TOTUS,CORE,MCORE,HOUSTON,DHOU01,14,SHO0014
TOTAL,TOTUS,CORE,MCORE,HOUSTON,DHOU01,30,SHO0030
TOTAL,TOTUS,CORE,MCORE,HOUSTON,DHOU01,42,SHO0042
TOTAL,TOTUS,CORE,MCORE,HOUSTON,DHOU01,44,SHO0044
TOTAL,TOTUS,CORE,MCORE,HOUSTON,DHOU01,52,SHO0052
TOTAL,TOTUS,CORE,MCORE,HOUSTON,DHOU01,53,SHO0053
TOTAL,TOTUS,CORE,MCORE,HOUSTON,DHOU01,54,SHO0054
TOTAL,TOTUS,CORE,MCORE,HOUSTON,DHOU01,56,SHO0056
TOTAL,TOTUS,CORE,MCORE,HOUSTON,DHOU01,58,SHO0058
TOTAL,TOTUS,CORE,MCORE,HOUSTON,DHOU01,60,SHO0060
TOTAL,TOTUS,CORE,MCORE,HOUSTON,DHOU01,71,SHO0071
TOTAL,TOTUS,CORE,MCORE,HOUSTON,DHOU01,86,SHO0086
TOTAL,TOTUS,CORE,MCORE,HOUSTON,DHOU01,91,SHO0091
TOTAL,TOTUS,CORE,MCORE,HOUSTON,DHOU01,114,SHO0114
TOTAL,TOTUS,CORE,MCORE,HOUSTON,DHOU01,128,SHO0128
TOTAL,TOTUS,CORE,MCORE,HOUSTON,DHOU01,152,SHO0152
TOTAL,TOTUS,CORE,MCORE,HOUSTON,DHOU01,153,SHO0153
TOTAL,TOTUS,CORE,MCORE,HOUSTON,DHOU01,158,SHO0158
TOTAL,TOTUS,CORE,MCORE,HOUSTON,DHOU01,169,SHO0169
TOTAL,TOTUS,CORE,MCORE,HOUSTON,DHOU01,174,SHO0174
TOTAL,TOTUS,CORE,MCORE,HOUSTON,DHOU01,177,SHO0177
TOTAL,TOTUS,CORE,MCORE,HOUSTON,DHOU01,200,SHO0200
TOTAL,TOTUS,CORE,MCORE,HOUSTON,DHOU01,202,SHO0202
TOTAL,TOTUS,CORE,MCORE,HOUSTON,DHOU01,207,SHO0207
TOTAL,TOTUS,CORE,MCORE,HOUSTON,DHOU01,222,SHO0222
TOTAL,TOTUS,CORE,MCORE,HOUSTON,DHOU01,229,SHO0229
TOTAL,TOTUS,CORE,MCORE,HOUSTON,DHOU01,231,SHO0231
TOTAL,TOTUS,CORE,MCORE,HOUSTON,DHOU01,234,SHO0234
TOTAL,TOTUS,CORE,MCORE,HOUSTON,DHOU01,250,SHO0250
TOTAL,TOTUS,CORE,MCORE,HOUSTON,DHOU01,252,SHO0252
TOTAL,TOTUS,CORE,MCORE,HOUSTON,DHOU01,255,SHO0255
TOTAL,TOTUS,CORE,MCORE,HOUSTON,DHOU01,307,SHO0307
TOTAL,TOTUS,CORE,MCORE,HOUSTON,DHOU01,323,SHO0323
TOTAL,TOTUS,CORE,MCORE,HOUSTON,DHOU01,353,SHO0353
TOTAL,TOTUS,CORE,MCORE,HOUSTON,DHOU01,371,SHO0371
TOTAL,TOTUS,CORE,MCORE,HOUSTON,DHOU01,403,SHO0403
TOTAL,TOTUS,CORE,MCORE,HOUSTON,DHOU01,425,SHO0425
TOTAL,TOTUS,CORE,MCORE,HOUSTON,DHOU01,440,SHO0440
TOTAL,TOTUS,CORE,MCORE,HOUSTON,DHOU01,449,SHO0449
TOTAL,TOTUS,CORE,MCORE,HOUSTON,DHOU01,478,SHO0478
TOTAL,TOTUS,CORE,MCORE,HOUSTON,DHOU01,482,SHO0482
TOTAL,TOTUS,CORE,MCORE,HOUSTON,DHOU01,483,SHO0483
TOTAL,TOTUS,CORE,MCORE,HOUSTON,DHOU01,484,SHO0484
TOTAL,TOTUS,CORE,MCORE,HOUSTON,DHOU01,496,SHO0496
TOTAL,TOTUS,CORE,MCORE,HOUSTON,DHOU01,498,SHO0498
TOTAL,TOTUS,CORE,MCORE,HOUSTON,DHOU01,499,SHO0499
TOTAL,TOTUS,CORE,MCORE,HOUSTON,DHOU01,501,SHO0501
TOTAL,TOTUS,CORE,MCORE,HOUSTON,DHOU01,509,SHO0509
TOTAL,TOTUS,CORE,MCORE,HOUSTON,DHOU01,531,SHO0531
TOTAL,TOTUS,CORE,MCORE,HOUSTON,DHOU01,544,SHO0544
TOTAL,TOTUS,CORE,MCORE,HOUSTON,DHOU01,555,SHO0555
TOTAL,TOTUS,CORE,MCORE,HOUSTON,DHOU01,568,SHO0568
TOTAL,TOTUS,CORE,MCORE,HOUSTON,DHOU01,595,SHO0595
TOTAL,TOTUS,CORE,MCORE,HOUSTON,DHOU01,596,SHO0596
TOTAL,TOTUS,CORE,MCORE,HOUSTON,DHOU01,639,SHO0639
TOTAL,TOTUS,CORE,MCORE,HOUSTON,DHOU01,662,SHO0662
TOTAL,TOTUS,CORE,MCORE,HOUSTON,DHOU01,756,SHO0756
TOTAL,TOTUS,CORE,MCORE,HOUSTON,DHOU01,800,SHO0800
TOTAL,TOTUS,CORE,MCORE,HOUSTON,DHOU01,807,SHO0807
TOTAL,TOTUS,CORE,MCORE,HOUSTON,DHOU01,819,SHO0819
TOTAL,TOTUS,CORE,MCORE,HOUSTON,DHOU01,852,SHO0852
TOTAL,TOTUS,CORE,MCORE,HOUSTON,DHOU01,874,SHO0874
TOTAL,TOTUS,CORE,MCORE,HOUSTON,DHOU01,877,SHO0877
TOTAL,TOTUS,CORE,MCORE,HOUSTON,DHOU01,970,SHO0970
TOTAL,TOTUS,CORE,MCORE,HOUSTON,DHOU01,994,SHO0994
TOTAL,TOTUS,CORE,MCORE,HOUSTON,DHOU01,1013,SHO1013
TOTAL,TOTUS,CORE,MCORE,HOUSTON,DHOU01,1023,SHO1023
TOTAL,TOTUS,CORE,MCORE,HOUSTON,DHOU01,1069,SHO1069
TOTAL,TOTUS,CORE,MCORE,HOUSTON,DHOU01,1101,SHO1101
TOTAL,TOTUS,CORE,MCORE,HOUSTON,DHOU01,1103,SHO1103
TOTAL,TOTUS,CORE,MCORE,HOUSTON,DHOU01,1147,SHO1147
TOTAL,TOTUS,CORE,MCORE,HOUSTON,DHOU01,1154,SHO1154
TOTAL,TOTUS,CORE,MCORE,HOUSTON,DHOU01,1200,SHO1200
TOTAL,TOTUS,CORE,MCORE,HOUSTON,DHOU01,1212,SHO1212
TOTAL,TOTUS,CORE,MCORE,HOUSTON,DHOU01,1284,SHO1284
TOTAL,TOTUS,CORE,MCORE,HOUSTON,DHOU01,1301,SHO1301
TOTAL,TOTUS,CORE,MCORE,HOUSTON,DHOU01,1473,SHO1473
TOTAL,TOTUS,CORE,MCORE,HOUSTON,DHOU01,1474,SHO1474
TOTAL,TOTUS,CORE,MCORE,HOUSTON,DHOU01,1485,SHO1485
TOTAL,TOTUS,CORE,MCORE,HOUSTON,DHOU01,1494,SHO1494
TOTAL,TOTUS,CORE,MCORE,HOUSTON,DHOU01,1510,SHO1510
TOTAL,TOTUS,CORE,MCORE,HOUSTON,DHOU01,1511,SHO1511
TOTAL,TOTUS,CORE,MCORE,HOUSTON,DHOU01,1524,SHO1524
TOTAL,TOTUS,CORE,MCORE,HOUSTON,DHOU01,1556,SHO1556
TOTAL,TOTUS,CORE,MCORE,HOUSTON,DHOU01,1562,SHO1562
TOTAL,TOTUS,CORE,MCORE,HOUSTON,DHOU01,1569,SHO1569
TOTAL,TOTUS,EMERGING,MEMER,INDIANAPOLIS,DIND01,419,SIN0419
TOTAL,TOTUS,EMERGING,MEMER,INDIANAPOLIS,DIND01,785,SIN0785
TOTAL,TOTUS,EMERGING,MEMER,INDIANAPOLIS,DIND01,1016,SIN1016
TOTAL,TOTUS,EMERGING,MEMER,INDIANAPOLIS,DIND01,1150,SIN1150
TOTAL,TOTUS,EMERGING,MEMER,INDIANAPOLIS,DIND01,1163,SIN1163
TOTAL,TOTUS,EMERGING,MEMER,INDIANAPOLIS,DIND01,1181,SIN1181
TOTAL,TOTUS,EMERGING,MEMER,INDIANAPOLIS,DIND01,1226,SIN1226
TOTAL,TOTUS,EMERGING,MEMER,"JACKSON, MS",DJAC01,151,SJA0151
TOTAL,TOTUS,EMERGING,MEMER,"JACKSON, MS",DJAC01,182,SJA0182
TOTAL,TOTUS,EMERGING,MEMER,"JACKSON, MS",DJAC01,453,SJA0453
TOTAL,TOTUS,EMERGING,MEMER,"JACKSON, MS",DJAC01,514,SJA0514
TOTAL,TOTUS,EMERGING,MEMER,"JACKSON, TN",DJAC01,659,SJA0659
TOTAL,TOTUS,EMERGING,MEMER,JACKSONVILLE,DJAC01,875,SJA0875
TOTAL,TOTUS,EMERGING,MEMER,JACKSONVILLE,DJAC01,1156,SJA1156
TOTAL,TOTUS,EMERGING,MEMER,JACKSONVILLE,DJAC01,1398,SJA1398
TOTAL,TOTUS,EMERGING,MEMER,JACKSONVILLE,DJAC01,1476,SJA1476
TOTAL,TOTUS,EMERGING,MEMER,JONESBORO,DJON01,862,SJO0862
TOTAL,TOTUS,EMERGING,MEMER,KANSAS CITY,DKAN01,116,SKA0116
TOTAL,TOTUS,EMERGING,MEMER,KANSAS CITY,DKAN01,536,SKA0536
TOTAL,TOTUS,EMERGING,MEMER,KANSAS CITY,DKAN01,708,SKA0708
TOTAL,TOTUS,EMERGING,MEMER,KANSAS CITY,DKAN01,1036,SKA1036
TOTAL,TOTUS,EMERGING,MEMER,KANSAS CITY,DKAN01,1061,SKA1061
TOTAL,TOTUS,EMERGING,MEMER,KANSAS CITY,DKAN01,1182,SKA1182
TOTAL,TOTUS,EMERGING,MEMER,KNOXVILLE,DKNO01,1010,SKN1010
TOTAL,TOTUS,EMERGING,MEMER,"LAFAYETTE, LA",DLAF01,133,SLA0133
TOTAL,TOTUS,EMERGING,MEMER,"LAFAYETTE, LA",DLAF01,1330,SLA1330
TOTAL,TOTUS,EMERGING,MEMER,LAKE CHARLES,DLAK01,592,SLA0592
TOTAL,TOTUS,EMERGING,MEMER,LAREDO,DLAR01,150,SLA0150
TOTAL,TOTUS,EMERGING,MEMER,LAREDO,DLAR01,322,SLA0322
TOTAL,TOTUS,EMERGING,MEMER,LAREDO,DLAR01,765,SLA0765
TOTAL,TOTUS,DEVELOPING,MDEVL,LAS VEGAS,DLAS01,241,SLA0241
TOTAL,TOTUS,DEVELOPING,MDEVL,LAS VEGAS,DLAS01,966,SLA0966
TOTAL,TOTUS,DEVELOPING,MDEVL,LAS VEGAS,DLAS01,976,SLA0976
TOTAL,TOTUS,DEVELOPING,MDEVL,LAS VEGAS,DLAS01,977,SLA0977
TOTAL,TOTUS,DEVELOPING,MDEVL,LAS VEGAS,DLAS01,978,SLA0978
TOTAL,TOTUS,DEVELOPING,MDEVL,LAS VEGAS,DLAS01,979,SLA0979
TOTAL,TOTUS,DEVELOPING,MDEVL,LAS VEGAS,DLAS01,1050,SLA1050
TOTAL,TOTUS,DEVELOPING,MDEVL,LAS VEGAS,DLAS01,1119,SLA1119
TOTAL,TOTUS,DEVELOPING,MDEVL,LAS VEGAS,DLAS01,1203,SLA1203
TOTAL,TOTUS,DEVELOPING,MDEVL,LAS VEGAS,DLAS01,1249,SLA1249
TOTAL,TOTUS,DEVELOPING,MDEVL,LAS VEGAS,DLAS01,1433,SLA1433
TOTAL,TOTUS,EMERGING,MEMER,LITTLE ROCK-PINE BLUFF,DLIT01,144,SLI0144
TOTAL,TOTUS,EMERGING,MEMER,LITTLE ROCK-PINE BLUFF,DLIT01,225,SLI0225
TOTAL,TOTUS,EMERGING,MEMER,LITTLE ROCK-PINE BLUFF,DLIT01,239,SLI0239
TOTAL,TOTUS,EMERGING,MEMER,LITTLE ROCK-PINE BLUFF,DLIT01,320,SLI0320
TOTAL,TOTUS,EMERGING,MEMER,LITTLE ROCK-PINE BLUFF,DLIT01,1231,SLI1231
TOTAL,TOTUS,CORE,MCORE,LOS ANGELES,DLOS01,83,SLO0083
TOTAL,TOTUS,CORE,MCORE,LOS ANGELES,DLOS01,124,SLO0124
TOTAL,TOTUS,CORE,MCORE,LOS ANGELES,DLOS01,137,SLO0137
TOTAL,TOTUS,CORE,MCORE,LOS ANGELES,DLOS01,191,SLO0191
TOTAL,TOTUS,CORE,MCORE,LOS ANGELES,DLOS01,218,SLO0218
TOTAL,TOTUS,CORE,MCORE,LOS ANGELES,DLOS01,228,SLO0228
TOTAL,TOTUS,CORE,MCORE,LOS ANGELES,DLOS01,237,SLO0237
TOTAL,TOTUS,CORE,MCORE,LOS ANGELES,DLOS01,247,SLO0247
TOTAL,TOTUS,CORE,MCORE,LOS ANGELES,DLOS01,256,SLO0256
TOTAL,TOTUS,CORE,MCORE,LOS ANGELES,DLOS01,265,SLO0265
TOTAL,TOTUS,CORE,MCORE,LOS ANGELES,DLOS01,266,SLO0266
TOTAL,TOTUS,CORE,MCORE,LOS ANGELES,DLOS01,267,SLO0267
TOTAL,TOTUS,CORE,MCORE,LOS ANGELES,DLOS01,276,SLO0276
TOTAL,TOTUS,CORE,MCORE,LOS ANGELES,DLOS01,277,SLO0277
TOTAL,TOTUS,CORE,MCORE,LOS ANGELES,DLOS01,279,SLO0279
TOTAL,TOTUS,CORE,MCORE,LOS ANGELES,DLOS01,280,SLO0280
TOTAL,TOTUS,CORE,MCORE,LOS ANGELES,DLOS01,285,SLO0285
TOTAL,TOTUS,CORE,MCORE,LOS ANGELES,DLOS01,292,SLO0292
TOTAL,TOTUS,CORE,MCORE,LOS ANGELES,DLOS01,295,SLO0295
TOTAL,TOTUS,CORE,MCORE,LOS ANGELES,DLOS01,296,SLO0296
TOTAL,TOTUS,CORE,MCORE,LOS ANGELES,DLOS01,303,SLO0303
TOTAL,TOTUS,CORE,MCORE,LOS ANGELES,DLOS01,310,SLO0310
TOTAL,TOTUS,CORE,MCORE,LOS ANGELES,DLOS01,313,SLO0313
TOTAL,TOTUS,CORE,MCORE,LOS ANGELES,DLOS01,315,SLO0315
TOTAL,TOTUS,CORE,MCORE,LOS ANGELES,DLOS01,347,SLO0347
TOTAL,TOTUS,CORE,MCORE,LOS ANGELES,DLOS01,349,SLO0349
TOTAL,TOTUS,CORE,MCORE,LOS ANGELES,DLOS01,355,SLO0355
TOTAL,TOTUS,CORE,MCORE,LOS ANGELES,DLOS01,368,SLO0368
TOTAL,TOTUS,CORE,MCORE,LOS ANGELES,DLOS01,369,SLO0369
TOTAL,TOTUS,CORE,MCORE,LOS ANGELES,DLOS01,379,SLO0379
TOTAL,TOTUS,CORE,MCORE,LOS ANGELES,DLOS01,386,SLO0386
TOTAL,TOTUS,CORE,MCORE,LOS ANGELES,DLOS01,387,SLO0387
TOTAL,TOTUS,CORE,MCORE,LOS ANGELES,DLOS01,392,SLO0392
TOTAL,TOTUS,CORE,MCORE,LOS ANGELES,DLOS01,396,SLO0396
TOTAL,TOTUS,CORE,MCORE,LOS ANGELES,DLOS01,397,SLO0397
TOTAL,TOTUS,CORE,MCORE,LOS ANGELES,DLOS01,426,SLO0426
TOTAL,TOTUS,CORE,MCORE,LOS ANGELES,DLOS01,435,SLO0435
TOTAL,TOTUS,CORE,MCORE,LOS ANGELES,DLOS01,443,SLO0443
TOTAL,TOTUS,CORE,MCORE,LOS ANGELES,DLOS01,458,SLO0458
TOTAL,TOTUS,CORE,MCORE,LOS ANGELES,DLOS01,465,SLO0465
TOTAL,TOTUS,CORE,MCORE,LOS ANGELES,DLOS01,473,SLO0473
TOTAL,TOTUS,CORE,MCORE,LOS ANGELES,DLOS01,486,SLO0486
TOTAL,TOTUS,CORE,MCORE,LOS ANGELES,DLOS01,493,SLO0493
TOTAL,TOTUS,CORE,MCORE,LOS ANGELES,DLOS01,494,SLO0494
TOTAL,TOTUS,CORE,MCORE,LOS ANGELES,DLOS01,504,SLO0504
TOTAL,TOTUS,CORE,MCORE,LOS ANGELES,DLOS01,507,SLO0507
TOTAL,TOTUS,CORE,MCORE,LOS ANGELES,DLOS01,511,SLO0511
TOTAL,TOTUS,CORE,MCORE,LOS ANGELES,DLOS01,528,SLO0528
TOTAL,TOTUS,CORE,MCORE,LOS ANGELES,DLOS01,540,SLO0540
TOTAL,TOTUS,CORE,MCORE,LOS ANGELES,DLOS01,546,SLO0546
TOTAL,TOTUS,CORE,MCORE,LOS ANGELES,DLOS01,561,SLO0561
TOTAL,TOTUS,CORE,MCORE,LOS ANGELES,DLOS01,563,SLO0563
TOTAL,TOTUS,CORE,MCORE,LOS ANGELES,DLOS01,572,SLO0572
TOTAL,TOTUS,CORE,MCORE,LOS ANGELES,DLOS01,573,SLO0573
TOTAL,TOTUS,CORE,MCORE,LOS ANGELES,DLOS01,584,SLO0584
TOTAL,TOTUS,CORE,MCORE,LOS ANGELES,DLOS01,601,SLO0601
TOTAL,TOTUS,CORE,MCORE,LOS ANGELES,DLOS01,605,SLO0605
TOTAL,TOTUS,CORE,MCORE,LOS ANGELES,DLOS01,607,SLO0607
TOTAL,TOTUS,CORE,MCORE,LOS ANGELES,DLOS01,616,SLO0616
TOTAL,TOTUS,CORE,MCORE,LOS ANGELES,DLOS01,620,SLO0620
TOTAL,TOTUS,CORE,MCORE,LOS ANGELES,DLOS01,622,SLO0622
TOTAL,TOTUS,CORE,MCORE,LOS ANGELES,DLOS01,625,SLO0625
TOTAL,TOTUS,CORE,MCORE,LOS ANGELES,DLOS01,627,SLO0627
TOTAL,TOTUS,CORE,MCORE,LOS ANGELES,DLOS01,631,SLO0631
TOTAL,TOTUS,CORE,MCORE,LOS ANGELES,DLOS01,632,SLO0632
TOTAL,TOTUS,CORE,MCORE,LOS ANGELES,DLOS01,642,SLO0642
TOTAL,TOTUS,CORE,MCORE,LOS ANGELES,DLOS01,650,SLO0650
TOTAL,TOTUS,CORE,MCORE,LOS ANGELES,DLOS01,658,SLO0658
TOTAL,TOTUS,CORE,MCORE,LOS ANGELES,DLOS01,672,SLO0672
TOTAL,TOTUS,CORE,MCORE,LOS ANGELES,DLOS01,679,SLO0679
TOTAL,TOTUS,CORE,MCORE,LOS ANGELES,DLOS01,681,SLO0681
TOTAL,TOTUS,CORE,MCORE,LOS ANGELES,DLOS01,705,SLO0705
TOTAL,TOTUS,CORE,MCORE,LOS ANGELES,DLOS01,717,SLO0717
TOTAL,TOTUS,CORE,MCORE,LOS ANGELES,DLOS01,718,SLO0718
TOTAL,TOTUS,CORE,MCORE,LOS ANGELES,DLOS01,724,SLO0724
TOTAL,TOTUS,CORE,MCORE,LOS ANGELES,DLOS01,725,SLO0725
TOTAL,TOTUS,CORE,MCORE,LOS ANGELES,DLOS01,735,SLO0735
TOTAL,TOTUS,CORE,MCORE,LOS ANGELES,DLOS01,749,SLO0749
TOTAL,TOTUS,CORE,MCORE,LOS ANGELES,DLOS01,761,SLO0761
TOTAL,TOTUS,CORE,MCORE,LOS ANGELES,DLOS01,763,SLO0763
TOTAL,TOTUS,CORE,MCORE,LOS ANGELES,DLOS01,775,SLO0775
TOTAL,TOTUS,CORE,MCORE,LOS ANGELES,DLOS01,787,SLO0787
TOTAL,TOTUS,CORE,MCORE,LOS ANGELES,DLOS01,806,SLO0806
TOTAL,TOTUS,CORE,MCORE,LOS ANGELES,DLOS01,817,SLO0817
TOTAL,TOTUS,CORE,MCORE,LOS ANGELES,DLOS01,830,SLO0830
TOTAL,TOTUS,CORE,MCORE,LOS ANGELES,DLOS01,835,SLO0835
TOTAL,TOTUS,CORE,MCORE,LOS ANGELES,DLOS01,840,SLO0840
TOTAL,TOTUS,CORE,MCORE,LOS ANGELES,DLOS01,843,SLO0843
TOTAL,TOTUS,CORE,MCORE,LOS ANGELES,DLOS01,856,SLO0856
TOTAL,TOTUS,CORE,MCORE,LOS ANGELES,DLOS01,897,SLO0897
TOTAL,TOTUS,CORE,MCORE,LOS ANGELES,DLOS01,1033,SLO1033
TOTAL,TOTUS,CORE,MCORE,LOS ANGELES,DLOS01,1034,SLO1034
TOTAL,TOTUS,CORE,MCORE,LOS ANGELES,DLOS01,1051,SLO1051
TOTAL,TOTUS,CORE,MCORE,LOS ANGELES,DLOS01,1063,SLO1063
TOTAL,TOTUS,CORE,MCORE,LOS ANGELES,DLOS01,1074,SLO1074
TOTAL,TOTUS,CORE,MCORE,LOS ANGELES,DLOS01,1078,SLO1078
TOTAL,TOTUS,CORE,MCORE,LOS ANGELES,DLOS01,1081,SLO1081
TOTAL,TOTUS,CORE,MCORE,LOS ANGELES,DLOS01,1087,SLO1087
TOTAL,TOTUS,CORE,MCORE,LOS ANGELES,DLOS01,1099,SLO1099
TOTAL,TOTUS,CORE,MCORE,LOS ANGELES,DLOS01,1118,SLO1118
TOTAL,TOTUS,CORE,MCORE,LOS ANGELES,DLOS01,1130,SLO1130
TOTAL,TOTUS,CORE,MCORE,LOS ANGELES,DLOS01,1139,SLO1139
TOTAL,TOTUS,CORE,MCORE,LOS ANGELES,DLOS01,1143,SLO1143
TOTAL,TOTUS,CORE,MCORE,LOS ANGELES,DLOS01,1165,SLO1165
TOTAL,TOTUS,CORE,MCORE,LOS ANGELES,DLOS01,1169,SLO1169
TOTAL,TOTUS,CORE,MCORE,LOS ANGELES,DLOS01,1186,SLO1186
TOTAL,TOTUS,CORE,MCORE,LOS ANGELES,DLOS01,1196,SLO1196
TOTAL,TOTUS,CORE,MCORE,LOS ANGELES,DLOS01,1206,SLO1206
TOTAL,TOTUS,CORE,MCORE,LOS ANGELES,DLOS01,1211,SLO1211
TOTAL,TOTUS,CORE,MCORE,LOS ANGELES,DLOS01,1229,SLO1229
TOTAL,TOTUS,CORE,MCORE,LOS ANGELES,DLOS01,1232,SLO1232
TOTAL,TOTUS,CORE,MCORE,LOS ANGELES,DLOS01,1234,SLO1234
TOTAL,TOTUS,CORE,MCORE,LOS ANGELES,DLOS01,1254,SLO1254
TOTAL,TOTUS,CORE,MCORE,LOS ANGELES,DLOS01,1257,SLO1257
TOTAL,TOTUS,CORE,MCORE,LOS ANGELES,DLOS01,1264,SLO1264
TOTAL,TOTUS,CORE,MCORE,LOS ANGELES,DLOS01,1268,SLO1268
TOTAL,TOTUS,CORE,MCORE,LOS ANGELES,DLOS01,1274,SLO1274
TOTAL,TOTUS,CORE,MCORE,LOS ANGELES,DLOS01,1276,SLO1276
TOTAL,TOTUS,CORE,MCORE,LOS ANGELES,DLOS01,1279,SLO1279
TOTAL,TOTUS,CORE,MCORE,LOS ANGELES,DLOS01,1304,SLO1304
TOTAL,TOTUS,CORE,MCORE,LOS ANGELES,DLOS01,1315,SLO1315
TOTAL,TOTUS,CORE,MCORE,LOS ANGELES,DLOS01,1331,SLO1331
TOTAL,TOTUS,CORE,MCORE,LOS ANGELES,DLOS01,1339,SLO1339
TOTAL,TOTUS,CORE,MCORE,LOS ANGELES,DLOS01,1346,SLO1346
TOTAL,TOTUS,CORE,MCORE,LOS ANGELES,DLOS01,1350,SLO1350
TOTAL,TOTUS,CORE,MCORE,LOS ANGELES,DLOS01,1357,SLO1357
TOTAL,TOTUS,CORE,MCORE,LOS ANGELES,DLOS01,1363,SLO1363
TOTAL,TOTUS,CORE,MCORE,LOS ANGELES,DLOS01,1370,SLO1370
TOTAL,TOTUS,CORE,MCORE,LOS ANGELES,DLOS01,1385,SLO1385
TOTAL,TOTUS,CORE,MCORE,LOS ANGELES,DLOS01,1403,SLO1403
TOTAL,TOTUS,CORE,MCORE,LOS ANGELES,DLOS01,1406,SLO1406
TOTAL,TOTUS,CORE,MCORE,LOS ANGELES,DLOS01,1408,SLO1408
TOTAL,TOTUS,CORE,MCORE,LOS ANGELES,DLOS01,1412,SLO1412
TOTAL,TOTUS,CORE,MCORE,LOS ANGELES,DLOS01,1415,SLO1415
TOTAL,TOTUS,CORE,MCORE,LOS ANGELES,DLOS01,1416,SLO1416
TOTAL,TOTUS,CORE,MCORE,LOS ANGELES,DLOS01,1446,SLO1446
TOTAL,TOTUS,CORE,MCORE,LOS ANGELES,DLOS01,1455,SLO1455
TOTAL,TOTUS,CORE,MCORE,LOS ANGELES,DLOS01,1469,SLO1469
TOTAL,TOTUS,CORE,MCORE,LOS ANGELES,DLOS01,1471,SLO1471
TOTAL,TOTUS,CORE,MCORE,LOS ANGELES,DLOS01,1484,SLO1484
TOTAL,TOTUS,CORE,MCORE,LOS ANGELES,DLOS01,1515,SLO1515
TOTAL,TOTUS,CORE,MCORE,LOS ANGELES,DLOS01,1541,SLO1541
TOTAL,TOTUS,CORE,MCORE,LOS ANGELES,DLOS01,1567,SLO1567
TOTAL,TOTUS,EMERGING,MEMER,LOUISVILLE,DLOU01,608,SLO0608
TOTAL,TOTUS,EMERGING,MEMER,LOUISVILLE,DLOU01,771,SLO0771
TOTAL,TOTUS,EMERGING,MEMER,LOUISVILLE,DLOU01,1549,SLO1549
TOTAL,TOTUS,EMERGING,MEMER,LUBBOCK,DLUB01,63,SLU0063
TOTAL,TOTUS,EMERGING,MEMER,LUBBOCK,DLUB01,274,SLU0274
TOTAL,TOTUS,EMERGING,MEMER,LUBBOCK,DLUB01,341,SLU0341
TOTAL,TOTUS,EMERGING,MEMER,MACON,DMAC01,1022,SMA1022
TOTAL,TOTUS,EMERGING,MEMER,MACON,DMAC01,1064,SMA1064
TOTAL,TOTUS,EMERGING,MEMER,MADISON,DMAD01,582,SMA0582
TOTAL,TOTUS,EMERGING,MEMER,MEMPHIS,DMEM01,127,SME0127
TOTAL,TOTUS,EMERGING,MEMER,MEMPHIS,DMEM01,580,SME0580
TOTAL,TOTUS,EMERGING,MEMER,MEMPHIS,DMEM01,636,SME0636
TOTAL,TOTUS,EMERGING,MEMER,MEMPHIS,DMEM01,683,SME0683
TOTAL,TOTUS,EMERGING,MEMER,MEMPHIS,DMEM01,755,SME0755
TOTAL,TOTUS,EMERGING,MEMER,MEMPHIS,DMEM01,767,SME0767
TOTAL,TOTUS,EMERGING,MEMER,MEMPHIS,DMEM01,832,SME0832
TOTAL,TOTUS,EMERGING,MEMER,MEMPHIS,DMEM01,876,SME0876
TOTAL,TOTUS,DEVELOPING,MDEVL,MIAMI-FT. LAUDERDALE,DMIA01,79,SMI0079
TOTAL,TOTUS,DEVELOPING,MDEVL,MIAMI-FT. LAUDERDALE,DMIA01,92,SMI0092
TOTAL,TOTUS,DEVELOPING,MDEVL,MIAMI-FT. LAUDERDALE,DMIA01,173,SMI0173
TOTAL,TOTUS,DEVELOPING,MDEVL,MIAMI-FT. LAUDERDALE,DMIA01,183,SMI0183
TOTAL,TOTUS,DEVELOPING,MDEVL,MIAMI-FT. LAUDERDALE,DMIA01,205,SMI0205
TOTAL,TOTUS,DEVELOPING,MDEVL,MIAMI-FT. LAUDERDALE,DMIA01,209,SMI0209
TOTAL,TOTUS,DEVELOPING,MDEVL,MIAMI-FT. LAUDERDALE,DMIA01,258,SMI0258
TOTAL,TOTUS,DEVELOPING,MDEVL,MIAMI-FT. LAUDERDALE,DMIA01,305,SMI0305
TOTAL,TOTUS,DEVELOPING,MDEVL,MIAMI-FT. LAUDERDALE,DMIA01,346,SMI0346
TOTAL,TOTUS,DEVELOPING,MDEVL,MIAMI-FT. LAUDERDALE,DMIA01,389,SMI0389
TOTAL,TOTUS,DEVELOPING,MDEVL,MIAMI-FT. LAUDERDALE,DMIA01,420,SMI0420
TOTAL,TOTUS,DEVELOPING,MDEVL,MIAMI-FT. LAUDERDALE,DMIA01,500,SMI0500
TOTAL,TOTUS,DEVELOPING,MDEVL,MIAMI-FT. LAUDERDALE,DMIA01,581,SMI0581
TOTAL,TOTUS,DEVELOPING,MDEVL,MIAMI-FT. LAUDERDALE,DMIA01,687,SMI0687
TOTAL,TOTUS,DEVELOPING,MDEVL,MIAMI-FT. LAUDERDALE,DMIA01,871,SMI0871
TOTAL,TOTUS,DEVELOPING,MDEVL,MIAMI-FT. LAUDERDALE,DMIA01,883,SMI0883
TOTAL,TOTUS,DEVELOPING,MDEVL,MIAMI-FT. LAUDERDALE,DMIA01,1059,SMI1059
TOTAL,TOTUS,DEVELOPING,MDEVL,MIAMI-FT. LAUDERDALE,DMIA01,1096,SMI1096
TOTAL,TOTUS,DEVELOPING,MDEVL,MIAMI-FT. LAUDERDALE,DMIA01,1167,SMI1167
TOTAL,TOTUS,DEVELOPING,MDEVL,MIAMI-FT. LAUDERDALE,DMIA01,1252,SMI1252
TOTAL,TOTUS,DEVELOPING,MDEVL,MIAMI-FT. LAUDERDALE,DMIA01,1318,SMI1318
TOTAL,TOTUS,DEVELOPING,MDEVL,MIAMI-FT. LAUDERDALE,DMIA01,1373,SMI1373
TOTAL,TOTUS,DEVELOPING,MDEVL,MIAMI-FT. LAUDERDALE,DMIA01,1411,SMI1411
TOTAL,TOTUS,DEVELOPING,MDEVL,MIAMI-FT. LAUDERDALE,DMIA01,1486,SMI1486
TOTAL,TOTUS,EMERGING,MEMER,MILWAUKEE,DMIL01,487,SMI0487
TOTAL,TOTUS,EMERGING,MEMER,MILWAUKEE,DMIL01,589,SMI0589
TOTAL,TOTUS,EMERGING,MEMER,MILWAUKEE,DMIL01,654,SMI0654
TOTAL,TOTUS,EMERGING,MEMER,MILWAUKEE,DMIL01,702,SMI0702
TOTAL,TOTUS,EMERGING,MEMER,MILWAUKEE,DMIL01,721,SMI0721
TOTAL,TOTUS,EMERGING,MEMER,MILWAUKEE,DMIL01,760,SMI0760
TOTAL,TOTUS,EMERGING,MEMER,MILWAUKEE,DMIL01,855,SMI0855
TOTAL,TOTUS,EMERGING,MEMER,MILWAUKEE,DMIL01,1004,SMI1004
TOTAL,TOTUS,EMERGING,MEMER,MINNEAPOLIS-ST. PAUL,DMIN01,769,SMI0769
TOTAL,TOTUS,EMERGING,MEMER,MINNEAPOLIS-ST. PAUL,DMIN01,1005,SMI1005
TOTAL,TOTUS,EMERGING,MEMER,MOBILE-PENSACOLA (FT WALT),DMOB01,243,SMO0243
TOTAL,TOTUS,EMERGING,MEMER,MOBILE-PENSACOLA (FT WALT),DMOB01,354,SMO0354
TOTAL,TOTUS,EMERGING,MEMER,MOBILE-PENSACOLA (FT WALT),DMOB01,383,SMO0383
TOTAL,TOTUS,EMERGING,MEMER,MOBILE-PENSACOLA (FT WALT),DMOB01,1209,SMO1209
TOTAL,TOTUS,EMERGING,MEMER,MONROE-EL DORADO,DMON01,16,SMO0016
TOTAL,TOTUS,EMERGING,MEMER,MONROE-EL DORADO,DMON01,107,SMO0107
TOTAL,TOTUS,EMERGING,MEMER,MONROE-EL DORADO,DMON01,360,SMO0360
TOTAL,TOTUS,EMERGING,MEMER,MONTEREY-SALINAS,DMON01,302,SMO0302
TOTAL,TOTUS,EMERGING,MEMER,MONTEREY-SALINAS,DMON01,570,SMO0570
TOTAL,TOTUS,EMERGING,MEMER,MONTEREY-SALINAS,DMON01,635,SMO0635
TOTAL,TOTUS,EMERGING,MEMER,MONTEREY-SALINAS,DMON01,1138,SMO1138
TOTAL,TOTUS,EMERGING,MEMER,MONTEREY-SALINAS,DMON01,1321,SMO1321
TOTAL,TOTUS,EMERGING,MEMER,MONTGOMERY-SELMA,DMON01,1171,SMO1171
TOTAL,TOTUS,EMERGING,MEMER,NASHVILLE,DNAS01,270,SNA0270
TOTAL,TOTUS,EMERGING,MEMER,NASHVILLE,DNAS01,351,SNA0351
TOTAL,TOTUS,EMERGING,MEMER,NASHVILLE,DNAS01,805,SNA0805
TOTAL,TOTUS,EMERGING,MEMER,NASHVILLE,DNAS01,858,SNA0858
TOTAL,TOTUS,EMERGING,MEMER,NASHVILLE,DNAS01,1049,SNA1049
TOTAL,TOTUS,EMERGING,MEMER,NASHVILLE,DNAS01,1247,SNA1247
TOTAL,TOTUS,EMERGING,MEMER,NASHVILLE,DNAS01,1297,SNA1297
TOTAL,TOTUS,EMERGING,MEMER,NASHVILLE,DNAS01,1483,SNA1483
TOTAL,TOTUS,EMERGING,MEMER,NASHVILLE,DNAS01,1529,SNA1529
TOTAL,TOTUS,EMERGING,MEMER,NEW ORLEANS,DNEW01,49,SNE0049
TOTAL,TOTUS,EMERGING,MEMER,NEW ORLEANS,DNEW01,802,SNE0802
TOTAL,TOTUS,EMERGING,MEMER,NEW ORLEANS,DNEW01,823,SNE0823
TOTAL,TOTUS,EMERGING,MEMER,NEW ORLEANS,DNEW01,1109,SNE1109
TOTAL,TOTUS,EMERGING,MEMER,NEW ORLEANS,DNEW01,1184,SNE1184
TOTAL,TOTUS,EMERGING,MEMER,NEW ORLEANS,DNEW01,1221,SNE1221
TOTAL,TOTUS,EMERGING,MEMER,NEW YORK,DNEW01,535,SNE0535
TOTAL,TOTUS,EMERGING,MEMER,NEW YORK,DNEW01,766,SNE0766
TOTAL,TOTUS,EMERGING,MEMER,NEW YORK,DNEW01,770,SNE0770
TOTAL,TOTUS,EMERGING,MEMER,NEW YORK,DNEW01,879,SNE0879
TOTAL,TOTUS,EMERGING,MEMER,NEW YORK,DNEW01,1001,SNE1001
TOTAL,TOTUS,EMERGING,MEMER,NEW YORK,DNEW01,1027,SNE1027
TOTAL,TOTUS,EMERGING,MEMER,NEW YORK,DNEW01,1037,SNE1037
TOTAL,TOTUS,EMERGING,MEMER,NEW YORK,DNEW01,1039,SNE1039
TOTAL,TOTUS,EMERGING,MEMER,NEW YORK,DNEW01,1040,SNE1040
TOTAL,TOTUS,EMERGING,MEMER,NEW YORK,DNEW01,1145,SNE1145
TOTAL,TOTUS,EMERGING,MEMER,NEW YORK,DNEW01,1160,SNE1160
TOTAL,TOTUS,EMERGING,MEMER,NEW YORK,DNEW01,1168,SNE1168
TOTAL,TOTUS,EMERGING,MEMER,NEW YORK,DNEW01,1176,SNE1176
TOTAL,TOTUS,EMERGING,MEMER,NEW YORK,DNEW01,1223,SNE1223
TOTAL,TOTUS,EMERGING,MEMER,NEW YORK,DNEW01,1224,SNE1224
TOTAL,TOTUS,EMERGING,MEMER,NEW YORK,DNEW01,1237,SNE1237
TOTAL,TOTUS,EMERGING,MEMER,NEW YORK,DNEW01,1313,SNE1313
TOTAL,TOTUS,EMERGING,MEMER,NEW YORK,DNEW01,1314,SNE1314
TOTAL,TOTUS,EMERGING,MEMER,NEW YORK,DNEW01,1334,SNE1334
TOTAL,TOTUS,EMERGING,MEMER,NEW YORK,DNEW01,1375,SNE1375
TOTAL,TOTUS,EMERGING,MEMER,NEW YORK,DNEW01,1450,SNE1450
TOTAL,TOTUS,EMERGING,MEMER,NEW YORK,DNEW01,1464,SNE1464
TOTAL,TOTUS,EMERGING,MEMER,NEW YORK,DNEW01,1467,SNE1467
TOTAL,TOTUS,EMERGING,MEMER,NEW YORK,DNEW01,1470,SNE1470
TOTAL,TOTUS,EMERGING,MEMER,NEW YORK,DNEW01,1505,SNE1505
TOTAL,TOTUS,EMERGING,MEMER,NEW YORK,DNEW01,1521,SNE1521
TOTAL,TOTUS,EMERGING,MEMER,NEW YORK,DNEW01,1551,SNE1551
TOTAL,TOTUS,EMERGING,MEMER,NORFOLK-PORTSMTH-NEWPT NWS,DNOR01,1062,SNO1062
TOTAL,TOTUS,EMERGING,MEMER,NORFOLK-PORTSMTH-NEWPT NWS,DNOR01,1072,SNO1072
TOTAL,TOTUS,EMERGING,MEMER,NORFOLK-PORTSMTH-NEWPT NWS,DNOR01,1164,SNO1164
TOTAL,TOTUS,EMERGING,MEMER,NORFOLK-PORTSMTH-NEWPT NWS,DNOR01,1208,SNO1208
TOTAL,TOTUS,EMERGING,MEMER,NORFOLK-PORTSMTH-NEWPT NWS,DNOR01,1362,SNO1362
TOTAL,TOTUS,EMERGING,MEMER,NORFOLK-PORTSMTH-NEWPT NWS,DNOR01,1495,SNO1495
TOTAL,TOTUS,EMERGING,MEMER,ODESSA-MIDLAND,DODE01,62,SOD0062
TOTAL,TOTUS,EMERGING,MEMER,ODESSA-MIDLAND,DODE01,211,SOD0211
TOTAL,TOTUS,EMERGING,MEMER,ODESSA-MIDLAND,DODE01,669,SOD0669
TOTAL,TOTUS,EMERGING,MEMER,ODESSA-MIDLAND,DODE01,803,SOD0803
TOTAL,TOTUS,EMERGING,MEMER,OKLAHOMA CITY,DOKL01,24,SOK0024
TOTAL,TOTUS,EMERGING,MEMER,OKLAHOMA CITY,DOKL01,31,SOK0031
TOTAL,TOTUS,EMERGING,MEMER,OKLAHOMA CITY,DOKL01,81,SOK0081
TOTAL,TOTUS,EMERGING,MEMER,OKLAHOMA CITY,DOKL01,436,SOK0436
TOTAL,TOTUS,EMERGING,MEMER,OKLAHOMA CITY,DOKL01,444,SOK0444
TOTAL,TOTUS,EMERGING,MEMER,OKLAHOMA CITY,DOKL01,899,SOK0899
TOTAL,TOTUS,EMERGING,MEMER,OKLAHOMA CITY,DOKL01,1141,SOK1141
TOTAL,TOTUS,EMERGING,MEMER,OKLAHOMA CITY,DOKL01,1190,SOK1190
TOTAL,TOTUS,EMERGING,MEMER,OMAHA,DOMA01,117,SOM0117
TOTAL,TOTUS,EMERGING,MEMER,OMAHA,DOMA01,542,SOM0542
TOTAL,TOTUS,EMERGING,MEMER,ORLANDO-DAYTONA BCH-MELBRN,DORL01,59,SOR0059
TOTAL,TOTUS,EMERGING,MEMER,ORLANDO-DAYTONA BCH-MELBRN,DORL01,621,SOR0621
TOTAL,TOTUS,EMERGING,MEMER,ORLANDO-DAYTONA BCH-MELBRN,DORL01,814,SOR0814
TOTAL,TOTUS,EMERGING,MEMER,ORLANDO-DAYTONA BCH-MELBRN,DORL01,1024,SOR1024
TOTAL,TOTUS,EMERGING,MEMER,ORLANDO-DAYTONA BCH-MELBRN,DORL01,1056,SOR1056
TOTAL,TOTUS,EMERGING,MEMER,ORLANDO-DAYTONA BCH-MELBRN,DORL01,1071,SOR1071
TOTAL,TOTUS,EMERGING,MEMER,ORLANDO-DAYTONA BCH-MELBRN,DORL01,1195,SOR1195
TOTAL,TOTUS,EMERGING,MEMER,ORLANDO-DAYTONA BCH-MELBRN,DORL01,1205,SOR1205
TOTAL,TOTUS,EMERGING,MEMER,ORLANDO-DAYTONA BCH-MELBRN,DORL01,1434,SOR1434
TOTAL,TOTUS,EMERGING,MEMER,ORLANDO-DAYTONA BCH-MELBRN,DORL01,1456,SOR1456
TOTAL,TOTUS,EMERGING,MEMER,ORLANDO-DAYTONA BCH-MELBRN,DORL01,1507,SOR1507
TOTAL,TOTUS,EMERGING,MEMER,PADUCAH-CAPE GIRARD-HARSBG,DPAD01,257,SPA0257
TOTAL,TOTUS,EMERGING,MEMER,PALM SPRINGS,DPAL01,869,SPA0869
TOTAL,TOTUS,EMERGING,MEMER,PALM SPRINGS,DPAL01,1230,SPA1230
TOTAL,TOTUS,EMERGING,MEMER,PEORIA-BLOOMINGTON,DPEO01,515,SPE0515
TOTAL,TOTUS,EMERGING,MEMER,PEORIA-BLOOMINGTON,DPEO01,1083,SPE1083
TOTAL,TOTUS,EMERGING,MEMER,PHILADELPHIA,DPHI01,782,SPH0782
TOTAL,TOTUS,EMERGING,MEMER,PHILADELPHIA,DPHI01,791,SPH0791
TOTAL,TOTUS,EMERGING,MEMER,PHILADELPHIA,DPHI01,1032,SPH1032
TOTAL,TOTUS,EMERGING,MEMER,PHILADELPHIA,DPHI01,1170,SPH1170
TOTAL,TOTUS,EMERGING,MEMER,PHILADELPHIA,DPHI01,1194,SPH1194
TOTAL,TOTUS,EMERGING,MEMER,PHILADELPHIA,DPHI01,1213,SPH1213
TOTAL,TOTUS,EMERGING,MEMER,PHILADELPHIA,DPHI01,1439,SPH1439
TOTAL,TOTUS,EMERGING,MEMER,PHILADELPHIA,DPHI01,1496,SPH1496
TOTAL,TOTUS,EMERGING,MEMER,PHILADELPHIA,DPHI01,1522,SPH1522
TOTAL,TOTUS,EMERGING,MEMER,PHILADELPHIA,DPHI01,1539,SPH1539
TOTAL,TOTUS,DEVELOPING,MDEVL,PHOENIX (PRESCOTT),DPHO01,230,SPH0230
TOTAL,TOTUS,DEVELOPING,MDEVL,PHOENIX (PRESCOTT),DPHO01,271,SPH0271
TOTAL,TOTUS,DEVELOPING,MDEVL,PHOENIX (PRESCOTT),DPHO01,290,SPH0290
TOTAL,TOTUS,DEVELOPING,MDEVL,PHOENIX (PRESCOTT),DPHO01,370,SPH0370
TOTAL,TOTUS,DEVELOPING,MDEVL,PHOENIX (PRESCOTT),DPHO01,421,SPH0421
TOTAL,TOTUS,DEVELOPING,MDEVL,PHOENIX (PRESCOTT),DPHO01,422,SPH0422
TOTAL,TOTUS,DEVELOPING,MDEVL,PHOENIX (PRESCOTT),DPHO01,615,SPH0615
TOTAL,TOTUS,DEVELOPING,MDEVL,PHOENIX (PRESCOTT),DPHO01,637,SPH0637
TOTAL,TOTUS,DEVELOPING,MDEVL,PHOENIX (PRESCOTT),DPHO01,678,SPH0678
TOTAL,TOTUS,DEVELOPING,MDEVL,PHOENIX (PRESCOTT),DPHO01,711,SPH0711
TOTAL,TOTUS,DEVELOPING,MDEVL,PHOENIX (PRESCOTT),DPHO01,759,SPH0759
TOTAL,TOTUS,DEVELOPING,MDEVL,PHOENIX (PRESCOTT),DPHO01,779,SPH0779
TOTAL,TOTUS,DEVELOPING,MDEVL,PHOENIX (PRESCOTT),DPHO01,841,SPH0841
TOTAL,TOTUS,DEVELOPING,MDEVL,PHOENIX (PRESCOTT),DPHO01,885,SPH0885
TOTAL,TOTUS,DEVELOPING,MDEVL,PHOENIX (PRESCOTT),DPHO01,886,SPH0886
TOTAL,TOTUS,DEVELOPING,MDEVL,PHOENIX (PRESCOTT),DPHO01,1070,SPH1070
TOTAL,TOTUS,DEVELOPING,MDEVL,PHOENIX (PRESCOTT),DPHO01,1090,SPH1090
TOTAL,TOTUS,DEVELOPING,MDEVL,PHOENIX (PRESCOTT),DPHO01,1094,SPH1094
TOTAL,TOTUS,DEVELOPING,MDEVL,PHOENIX (PRESCOTT),DPHO01,1111,SPH1111
TOTAL,TOTUS,DEVELOPING,MDEVL,PHOENIX (PRESCOTT),DPHO01,1250,SPH1250
TOTAL,TOTUS,DEVELOPING,MDEVL,PHOENIX (PRESCOTT),DPHO01,1287,SPH1287
TOTAL,TOTUS,DEVELOPING,MDEVL,PHOENIX (PRESCOTT),DPHO01,1300,SPH1300
TOTAL,TOTUS,DEVELOPING,MDEVL,PHOENIX (PRESCOTT),DPHO01,1332,SPH1332
TOTAL,TOTUS,DEVELOPING,MDEVL,PHOENIX (PRESCOTT),DPHO01,1442,SPH1442
TOTAL,TOTUS,DEVELOPING,MDEVL,PHOENIX (PRESCOTT),DPHO01,1516,SPH1516
TOTAL,TOTUS,EMERGING,MEMER,PITTSBURGH,DPIT01,828,SPI0828
TOTAL,TOTUS,EMERGING,MEMER,"PORTLAND, OR",DPOR01,317,SPO0317
TOTAL,TOTUS,EMERGING,MEMER,"PORTLAND, OR",DPOR01,696,SPO0696
TOTAL,TOTUS,EMERGING,MEMER,"PORTLAND, OR",DPOR01,826,SPO0826
TOTAL,TOTUS,EMERGING,MEMER,"PORTLAND, OR",DPOR01,1386,SPO1386
TOTAL,TOTUS,EMERGING,MEMER,"PORTLAND, OR",DPOR01,1493,SPO1493
TOTAL,TOTUS,EMERGING,MEMER,RALEIGH-DURHAM (FAYETVLLE),DRAL01,206,SRA0206
TOTAL,TOTUS,EMERGING,MEMER,RALEIGH-DURHAM (FAYETVLLE),DRAL01,527,SRA0527
TOTAL,TOTUS,EMERGING,MEMER,RALEIGH-DURHAM (FAYETVLLE),DRAL01,816,SRA0816
TOTAL,TOTUS,EMERGING,MEMER,RALEIGH-DURHAM (FAYETVLLE),DRAL01,847,SRA0847
TOTAL,TOTUS,EMERGING,MEMER,RALEIGH-DURHAM (FAYETVLLE),DRAL01,1162,SRA1162
TOTAL,TOTUS,EMERGING,MEMER,RALEIGH-DURHAM (FAYETVLLE),DRAL01,1245,SRA1245
TOTAL,TOTUS,EMERGING,MEMER,RENO,DREN01,282,SRE0282
TOTAL,TOTUS,EMERGING,MEMER,RENO,DREN01,328,SRE0328
TOTAL,TOTUS,EMERGING,MEMER,RENO,DREN01,375,SRE0375
TOTAL,TOTUS,EMERGING,MEMER,RENO,DREN01,673,SRE0673
TOTAL,TOTUS,EMERGING,MEMER,RICHMOND-PETERSBURG,DRIC01,1311,SRI1311
TOTAL,TOTUS,EMERGING,MEMER,RICHMOND-PETERSBURG,DRIC01,1320,SRI1320
TOTAL,TOTUS,EMERGING,MEMER,RICHMOND-PETERSBURG,DRIC01,1376,SRI1376
TOTAL,TOTUS,EMERGING,MEMER,RICHMOND-PETERSBURG,DRIC01,1400,SRI1400
TOTAL,TOTUS,EMERGING,MEMER,ROANOKE-LYNCHBURG,DROA01,1498,SRO1498
TOTAL,TOTUS,EMERGING,MEMER,ROCKFORD,DROC01,1133,SRO1133
TOTAL,TOTUS,DEVELOPING,MDEVL,SACRAMNTO-STKTON-MODESTO,DSAC01,69,SSA0069
TOTAL,TOTUS,DEVELOPING,MDEVL,SACRAMNTO-STKTON-MODESTO,DSAC01,132,SSA0132
TOTAL,TOTUS,DEVELOPING,MDEVL,SACRAMNTO-STKTON-MODESTO,DSAC01,213,SSA0213
TOTAL,TOTUS,DEVELOPING,MDEVL,SACRAMNTO-STKTON-MODESTO,DSAC01,264,SSA0264
TOTAL,TOTUS,DEVELOPING,MDEVL,SACRAMNTO-STKTON-MODESTO,DSAC01,278,SSA0278
TOTAL,TOTUS,DEVELOPING,MDEVL,SACRAMNTO-STKTON-MODESTO,DSAC01,363,SSA0363
TOTAL,TOTUS,DEVELOPING,MDEVL,SACRAMNTO-STKTON-MODESTO,DSAC01,385,SSA0385
TOTAL,TOTUS,DEVELOPING,MDEVL,SACRAMNTO-STKTON-MODESTO,DSAC01,390,SSA0390
TOTAL,TOTUS,DEVELOPING,MDEVL,SACRAMNTO-STKTON-MODESTO,DSAC01,418,SSA0418
TOTAL,TOTUS,DEVELOPING,MDEVL,SACRAMNTO-STKTON-MODESTO,DSAC01,450,SSA0450
TOTAL,TOTUS,DEVELOPING,MDEVL,SACRAMNTO-STKTON-MODESTO,DSAC01,485,SSA0485
TOTAL,TOTUS,DEVELOPING,MDEVL,SACRAMNTO-STKTON-MODESTO,DSAC01,522,SSA0522
TOTAL,TOTUS,DEVELOPING,MDEVL,SACRAMNTO-STKTON-MODESTO,DSAC01,530,SSA0530
TOTAL,TOTUS,DEVELOPING,MDEVL,SACRAMNTO-STKTON-MODESTO,DSAC01,533,SSA0533
TOTAL,TOTUS,DEVELOPING,MDEVL,SACRAMNTO-STKTON-MODESTO,DSAC01,554,SSA0554
TOTAL,TOTUS,DEVELOPING,MDEVL,SACRAMNTO-STKTON-MODESTO,DSAC01,560,SSA0560
TOTAL,TOTUS,DEVELOPING,MDEVL,SACRAMNTO-STKTON-MODESTO,DSAC01,565,SSA0565
TOTAL,TOTUS,DEVELOPING,MDEVL,SACRAMNTO-STKTON-MODESTO,DSAC01,598,SSA0598
TOTAL,TOTUS,DEVELOPING,MDEVL,SACRAMNTO-STKTON-MODESTO,DSAC01,623,SSA0623
TOTAL,TOTUS,DEVELOPING,MDEVL,SACRAMNTO-STKTON-MODESTO,DSAC01,682,SSA0682
TOTAL,TOTUS,DEVELOPING,MDEVL,SACRAMNTO-STKTON-MODESTO,DSAC01,723,SSA0723
TOTAL,TOTUS,DEVELOPING,MDEVL,SACRAMNTO-STKTON-MODESTO,DSAC01,743,SSA0743
TOTAL,TOTUS,DEVELOPING,MDEVL,SACRAMNTO-STKTON-MODESTO,DSAC01,836,SSA0836
TOTAL,TOTUS,DEVELOPING,MDEVL,SACRAMNTO-STKTON-MODESTO,DSAC01,887,SSA0887
TOTAL,TOTUS,DEVELOPING,MDEVL,SACRAMNTO-STKTON-MODESTO,DSAC01,1028,SSA1028
TOTAL,TOTUS,DEVELOPING,MDEVL,SACRAMNTO-STKTON-MODESTO,DSAC01,1068,SSA1068
TOTAL,TOTUS,DEVELOPING,MDEVL,SACRAMNTO-STKTON-MODESTO,DSAC01,1092,SSA1092
TOTAL,TOTUS,DEVELOPING,MDEVL,SACRAMNTO-STKTON-MODESTO,DSAC01,1102,SSA1102
TOTAL,TOTUS,DEVELOPING,MDEVL,SACRAMNTO-STKTON-MODESTO,DSAC01,1283,SSA1283
TOTAL,TOTUS,DEVELOPING,MDEVL,SACRAMNTO-STKTON-MODESTO,DSAC01,1285,SSA1285
TOTAL,TOTUS,DEVELOPING,MDEVL,SACRAMNTO-STKTON-MODESTO,DSAC01,1286,SSA1286
TOTAL,TOTUS,EMERGING,MEMER,SALT LAKE CITY,DSAL01,720,SSA0720
TOTAL,TOTUS,EMERGING,MEMER,SALT LAKE CITY,DSAL01,1192,SSA1192
TOTAL,TOTUS,EMERGING,MEMER,SALT LAKE CITY,DSAL01,1327,SSA1327
TOTAL,TOTUS,EMERGING,MEMER,SALT LAKE CITY,DSAL01,1337,SSA1337
TOTAL,TOTUS,EMERGING,MEMER,SAN ANGELO,DSAN01,268,SSA0268
TOTAL,TOTUS,EMERGING,MEMER,SAN ANGELO,DSAN01,1236,SSA1236
TOTAL,TOTUS,CORE,MCORE,SAN ANTONIO,DSAN01,6,SSA0006
TOTAL,TOTUS,CORE,MCORE,SAN ANTONIO,DSAN01,23,SSA0023
TOTAL,TOTUS,CORE,MCORE,SAN ANTONIO,DSAN01,38,SSA0038
TOTAL,TOTUS,CORE,MCORE,SAN ANTONIO,DSAN01,40,SSA0040
TOTAL,TOTUS,CORE,MCORE,SAN ANTONIO,DSAN01,98,SSA0098
TOTAL,TOTUS,CORE,MCORE,SAN ANTONIO,DSAN01,139,SSA0139
TOTAL,TOTUS,CORE,MCORE,SAN ANTONIO,DSAN01,176,SSA0176
TOTAL,TOTUS,CORE,MCORE,SAN ANTONIO,DSAN01,197,SSA0197
TOTAL,TOTUS,CORE,MCORE,SAN ANTONIO,DSAN01,254,SSA0254
TOTAL,TOTUS,CORE,MCORE,SAN ANTONIO,DSAN01,319,SSA0319
TOTAL,TOTUS,CORE,MCORE,SAN ANTONIO,DSAN01,380,SSA0380
TOTAL,TOTUS,CORE,MCORE,SAN ANTONIO,DSAN01,395,SSA0395
TOTAL,TOTUS,CORE,MCORE,SAN ANTONIO,DSAN01,415,SSA0415
TOTAL,TOTUS,CORE,MCORE,SAN ANTONIO,DSAN01,428,SSA0428
TOTAL,TOTUS,CORE,MCORE,SAN ANTONIO,DSAN01,441,SSA0441
TOTAL,TOTUS,CORE,MCORE,SAN ANTONIO,DSAN01,461,SSA0461
TOTAL,TOTUS,CORE,MCORE,SAN ANTONIO,DSAN01,470,SSA0470
TOTAL,TOTUS,CORE,MCORE,SAN ANTONIO,DSAN01,474,SSA0474
TOTAL,TOTUS,CORE,MCORE,SAN ANTONIO,DSAN01,532,SSA0532
TOTAL,TOTUS,CORE,MCORE,SAN ANTONIO,DSAN01,590,SSA0590
TOTAL,TOTUS,CORE,MCORE,SAN ANTONIO,DSAN01,626,SSA0626
TOTAL,TOTUS,CORE,MCORE,SAN ANTONIO,DSAN01,666,SSA0666
TOTAL,TOTUS,CORE,MCORE,SAN ANTONIO,DSAN01,668,SSA0668
TOTAL,TOTUS,CORE,MCORE,SAN ANTONIO,DSAN01,692,SSA0692
TOTAL,TOTUS,CORE,MCORE,SAN ANTONIO,DSAN01,707,SSA0707
TOTAL,TOTUS,CORE,MCORE,SAN ANTONIO,DSAN01,719,SSA0719
TOTAL,TOTUS,CORE,MCORE,SAN ANTONIO,DSAN01,808,SSA0808
TOTAL,TOTUS,CORE,MCORE,SAN ANTONIO,DSAN01,842,SSA0842
TOTAL,TOTUS,CORE,MCORE,SAN ANTONIO,DSAN01,1104,SSA1104
TOTAL,TOTUS,CORE,MCORE,SAN ANTONIO,DSAN01,1135,SSA1135
TOTAL,TOTUS,CORE,MCORE,SAN ANTONIO,DSAN01,1294,SSA1294
TOTAL,TOTUS,DEVELOPING,MDEVL,SAN DIEGO,DSAN01,394,SSA0394
TOTAL,TOTUS,DEVELOPING,MDEVL,SAN DIEGO,DSAN01,412,SSA0412
TOTAL,TOTUS,DEVELOPING,MDEVL,SAN DIEGO,DSAN01,430,SSA0430
TOTAL,TOTUS,DEVELOPING,MDEVL,SAN DIEGO,DSAN01,452,SSA0452
TOTAL,TOTUS,DEVELOPING,MDEVL,SAN DIEGO,DSAN01,591,SSA0591
TOTAL,TOTUS,DEVELOPING,MDEVL,SAN DIEGO,DSAN01,602,SSA0602
TOTAL,TOTUS,DEVELOPING,MDEVL,SAN DIEGO,DSAN01,603,SSA0603
TOTAL,TOTUS,DEVELOPING,MDEVL,SAN DIEGO,DSAN01,764,SSA0764
TOTAL,TOTUS,DEVELOPING,MDEVL,SAN DIEGO,DSAN01,1086,SSA1086
TOTAL,TOTUS,DEVELOPING,MDEVL,SAN DIEGO,DSAN01,1113,SSA1113
TOTAL,TOTUS,DEVELOPING,MDEVL,SAN DIEGO,DSAN01,1137,SSA1137
TOTAL,TOTUS,DEVELOPING,MDEVL,SAN DIEGO,DSAN01,1204,SSA1204
TOTAL,TOTUS,DEVELOPING,MDEVL,SAN DIEGO,DSAN01,1277,SSA1277
TOTAL,TOTUS,DEVELOPING,MDEVL,SAN DIEGO,DSAN01,1317,SSA1317
TOTAL,TOTUS,DEVELOPING,MDEVL,SAN DIEGO,DSAN01,1381,SSA1381
TOTAL,TOTUS,DEVELOPING,MDEVL,SAN DIEGO,DSAN01,1436,SSA1436
TOTAL,TOTUS,DEVELOPING,MDEVL,SAN FRANCISCO-OAK-SAN JOSE,DSAN01,221,SSA0221
TOTAL,TOTUS,DEVELOPING,MDEVL,SAN FRANCISCO-OAK-SAN JOSE,DSAN01,263,SSA0263
TOTAL,TOTUS,DEVELOPING,MDEVL,SAN FRANCISCO-OAK-SAN JOSE,DSAN01,293,SSA0293
TOTAL,TOTUS,DEVELOPING,MDEVL,SAN FRANCISCO-OAK-SAN JOSE,DSAN01,316,SSA0316
TOTAL,TOTUS,DEVELOPING,MDEVL,SAN FRANCISCO-OAK-SAN JOSE,DSAN01,324,SSA0324
TOTAL,TOTUS,DEVELOPING,MDEVL,SAN FRANCISCO-OAK-SAN JOSE,DSAN01,325,SSA0325
TOTAL,TOTUS,DEVELOPING,MDEVL,SAN FRANCISCO-OAK-SAN JOSE,DSAN01,326,SSA0326
TOTAL,TOTUS,DEVELOPING,MDEVL,SAN FRANCISCO-OAK-SAN JOSE,DSAN01,327,SSA0327
TOTAL,TOTUS,DEVELOPING,MDEVL,SAN FRANCISCO-OAK-SAN JOSE,DSAN01,338,SSA0338
TOTAL,TOTUS,DEVELOPING,MDEVL,SAN FRANCISCO-OAK-SAN JOSE,DSAN01,343,SSA0343
TOTAL,TOTUS,DEVELOPING,MDEVL,SAN FRANCISCO-OAK-SAN JOSE,DSAN01,352,SSA0352
TOTAL,TOTUS,DEVELOPING,MDEVL,SAN FRANCISCO-OAK-SAN JOSE,DSAN01,417,SSA0417
TOTAL,TOTUS,DEVELOPING,MDEVL,SAN FRANCISCO-OAK-SAN JOSE,DSAN01,424,SSA0424
TOTAL,TOTUS,DEVELOPING,MDEVL,SAN FRANCISCO-OAK-SAN JOSE,DSAN01,431,SSA0431
TOTAL,TOTUS,DEVELOPING,MDEVL,SAN FRANCISCO-OAK-SAN JOSE,DSAN01,432,SSA0432
TOTAL,TOTUS,DEVELOPING,MDEVL,SAN FRANCISCO-OAK-SAN JOSE,DSAN01,438,SSA0438
TOTAL,TOTUS,DEVELOPING,MDEVL,SAN FRANCISCO-OAK-SAN JOSE,DSAN01,451,SSA0451
TOTAL,TOTUS,DEVELOPING,MDEVL,SAN FRANCISCO-OAK-SAN JOSE,DSAN01,454,SSA0454
TOTAL,TOTUS,DEVELOPING,MDEVL,SAN FRANCISCO-OAK-SAN JOSE,DSAN01,456,SSA0456
TOTAL,TOTUS,DEVELOPING,MDEVL,SAN FRANCISCO-OAK-SAN JOSE,DSAN01,477,SSA0477
TOTAL,TOTUS,DEVELOPING,MDEVL,SAN FRANCISCO-OAK-SAN JOSE,DSAN01,490,SSA0490
TOTAL,TOTUS,DEVELOPING,MDEVL,SAN FRANCISCO-OAK-SAN JOSE,DSAN01,517,SSA0517
TOTAL,TOTUS,DEVELOPING,MDEVL,SAN FRANCISCO-OAK-SAN JOSE,DSAN01,526,SSA0526
TOTAL,TOTUS,DEVELOPING,MDEVL,SAN FRANCISCO-OAK-SAN JOSE,DSAN01,543,SSA0543
TOTAL,TOTUS,DEVELOPING,MDEVL,SAN FRANCISCO-OAK-SAN JOSE,DSAN01,545,SSA0545
TOTAL,TOTUS,DEVELOPING,MDEVL,SAN FRANCISCO-OAK-SAN JOSE,DSAN01,549,SSA0549
TOTAL,TOTUS,DEVELOPING,MDEVL,SAN FRANCISCO-OAK-SAN JOSE,DSAN01,550,SSA0550
TOTAL,TOTUS,DEVELOPING,MDEVL,SAN FRANCISCO-OAK-SAN JOSE,DSAN01,597,SSA0597
TOTAL,TOTUS,DEVELOPING,MDEVL,SAN FRANCISCO-OAK-SAN JOSE,DSAN01,600,SSA0600
TOTAL,TOTUS,DEVELOPING,MDEVL,SAN FRANCISCO-OAK-SAN JOSE,DSAN01,610,SSA0610
TOTAL,TOTUS,DEVELOPING,MDEVL,SAN FRANCISCO-OAK-SAN JOSE,DSAN01,613,SSA0613
TOTAL,TOTUS,DEVELOPING,MDEVL,SAN FRANCISCO-OAK-SAN JOSE,DSAN01,628,SSA0628
TOTAL,TOTUS,DEVELOPING,MDEVL,SAN FRANCISCO-OAK-SAN JOSE,DSAN01,634,SSA0634
TOTAL,TOTUS,DEVELOPING,MDEVL,SAN FRANCISCO-OAK-SAN JOSE,DSAN01,762,SSA0762
TOTAL,TOTUS,DEVELOPING,MDEVL,SAN FRANCISCO-OAK-SAN JOSE,DSAN01,783,SSA0783
TOTAL,TOTUS,DEVELOPING,MDEVL,SAN FRANCISCO-OAK-SAN JOSE,DSAN01,801,SSA0801
TOTAL,TOTUS,DEVELOPING,MDEVL,SAN FRANCISCO-OAK-SAN JOSE,DSAN01,804,SSA0804
TOTAL,TOTUS,DEVELOPING,MDEVL,SAN FRANCISCO-OAK-SAN JOSE,DSAN01,821,SSA0821
TOTAL,TOTUS,DEVELOPING,MDEVL,SAN FRANCISCO-OAK-SAN JOSE,DSAN01,895,SSA0895
TOTAL,TOTUS,DEVELOPING,MDEVL,SAN FRANCISCO-OAK-SAN JOSE,DSAN01,1009,SSA1009
TOTAL,TOTUS,DEVELOPING,MDEVL,SAN FRANCISCO-OAK-SAN JOSE,DSAN01,1058,SSA1058
TOTAL,TOTUS,DEVELOPING,MDEVL,SAN FRANCISCO-OAK-SAN JOSE,DSAN01,1123,SSA1123
TOTAL,TOTUS,DEVELOPING,MDEVL,SAN FRANCISCO-OAK-SAN JOSE,DSAN01,1261,SSA1261
TOTAL,TOTUS,EMERGING,MEMER,SANTABARBRA-SANMAR-SANLUOB,DSAN01,519,SSA0519
TOTAL,TOTUS,EMERGING,MEMER,SANTABARBRA-SANMAR-SANLUOB,DSAN01,845,SSA0845
TOTAL,TOTUS,EMERGING,MEMER,SAVANNAH,DSAV01,640,SSA0640
TOTAL,TOTUS,EMERGING,MEMER,SAVANNAH,DSAV01,661,SSA0661
TOTAL,TOTUS,EMERGING,MEMER,SAVANNAH,DSAV01,1503,SSA1503
TOTAL,TOTUS,EMERGING,MEMER,SEATTLE-TACOMA,DSEA01,645,SSE0645
TOTAL,TOTUS,EMERGING,MEMER,SEATTLE-TACOMA,DSEA01,740,SSE0740
TOTAL,TOTUS,EMERGING,MEMER,SEATTLE-TACOMA,DSEA01,747,SSE0747
TOTAL,TOTUS,EMERGING,MEMER,SEATTLE-TACOMA,DSEA01,748,SSE0748
TOTAL,TOTUS,EMERGING,MEMER,SEATTLE-TACOMA,DSEA01,784,SSE0784
TOTAL,TOTUS,EMERGING,MEMER,SEATTLE-TACOMA,DSEA01,1044,SSE1044
TOTAL,TOTUS,EMERGING,MEMER,SEATTLE-TACOMA,DSEA01,1045,SSE1045
TOTAL,TOTUS,EMERGING,MEMER,SEATTLE-TACOMA,DSEA01,1046,SSE1046
TOTAL,TOTUS,EMERGING,MEMER,SEATTLE-TACOMA,DSEA01,1157,SSE1157
TOTAL,TOTUS,EMERGING,MEMER,SEATTLE-TACOMA,DSEA01,1258,SSE1258
TOTAL,TOTUS,EMERGING,MEMER,SHERMAN-ADA,DSHE01,809,SSH0809
TOTAL,TOTUS,EMERGING,MEMER,SHREVEPORT,DSHR01,93,SSH0093
TOTAL,TOTUS,EMERGING,MEMER,SHREVEPORT,DSHR01,109,SSH0109
TOTAL,TOTUS,EMERGING,MEMER,SHREVEPORT,DSHR01,246,SSH0246
TOTAL,TOTUS,EMERGING,MEMER,SHREVEPORT,DSHR01,466,SSH0466
TOTAL,TOTUS,EMERGING,MEMER,SHREVEPORT,DSHR01,475,SSH0475
TOTAL,TOTUS,EMERGING,MEMER,SHREVEPORT,DSHR01,513,SSH0513
TOTAL,TOTUS,EMERGING,MEMER,SHREVEPORT,DSHR01,1146,SSH1146
TOTAL,TOTUS,EMERGING,MEMER,SHREVEPORT,DSHR01,1526,SSH1526
TOTAL,TOTUS,EMERGING,MEMER,SIOUX FALLS(MITCHELL),DSIO01,778,SSI0778
TOTAL,TOTUS,EMERGING,MEMER,SPOKANE,DSPO01,309,SSP0309
TOTAL,TOTUS,EMERGING,MEMER,SPOKANE,DSPO01,728,SSP0728
TOTAL,TOTUS,EMERGING,MEMER,"SPRINGFIELD, MO",DSPR01,43,SSP0043
TOTAL,TOTUS,EMERGING,MEMER,"SPRINGFIELD, MO",DSPR01,1244,SSP1244
TOTAL,TOTUS,EMERGING,MEMER,ST. LOUIS,DST.01,97,SST0097
TOTAL,TOTUS,EMERGING,MEMER,ST. LOUIS,DST.01,120,SST0120
TOTAL,TOTUS,EMERGING,MEMER,ST. LOUIS,DST.01,166,SST0166
TOTAL,TOTUS,EMERGING,MEMER,ST. LOUIS,DST.01,217,SST0217
TOTAL,TOTUS,EMERGING,MEMER,ST. LOUIS,DST.01,492,SST0492
TOTAL,TOTUS,EMERGING,MEMER,ST. LOUIS,DST.01,611,SST0611
TOTAL,TOTUS,EMERGING,MEMER,ST. LOUIS,DST.01,648,SST0648
TOTAL,TOTUS,EMERGING,MEMER,ST. LOUIS,DST.01,738,SST0738
TOTAL,TOTUS,EMERGING,MEMER,ST. LOUIS,DST.01,751,SST0751
TOTAL,TOTUS,EMERGING,MEMER,ST. LOUIS,DST.01,752,SST0752
TOTAL,TOTUS,EMERGING,MEMER,ST. LOUIS,DST.01,1019,SST1019
TOTAL,TOTUS,EMERGING,MEMER,TALLAHASSEE-THOMASVILLE,DTAL01,37,STA0037
TOTAL,TOTUS,EMERGING,MEMER,TALLAHASSEE-THOMASVILLE,DTAL01,105,STA0105
TOTAL,TOTUS,EMERGING,MEMER,TALLAHASSEE-THOMASVILLE,DTAL01,382,STA0382
TOTAL,TOTUS,EMERGING,MEMER,TAMPA-ST. PETE (SARASOTA),DTAM01,135,STA0135
TOTAL,TOTUS,EMERGING,MEMER,TAMPA-ST. PETE (SARASOTA),DTAM01,1011,STA1011
TOTAL,TOTUS,EMERGING,MEMER,TAMPA-ST. PETE (SARASOTA),DTAM01,1047,STA1047
TOTAL,TOTUS,EMERGING,MEMER,TAMPA-ST. PETE (SARASOTA),DTAM01,1179,STA1179
TOTAL,TOTUS,EMERGING,MEMER,TAMPA-ST. PETE (SARASOTA),DTAM01,1322,STA1322
TOTAL,TOTUS,EMERGING,MEMER,TAMPA-ST. PETE (SARASOTA),DTAM01,1368,STA1368
TOTAL,TOTUS,EMERGING,MEMER,TAMPA-ST. PETE (SARASOTA),DTAM01,1377,STA1377
TOTAL,TOTUS,EMERGING,MEMER,TAMPA-ST. PETE (SARASOTA),DTAM01,1596,STA1596
TOTAL,TOTUS,EMERGING,MEMER,TERRE HAUTE,DTER01,1178,STE1178
TOTAL,TOTUS,EMERGING,MEMER,TOLEDO,DTOL01,824,STO0824
TOTAL,TOTUS,EMERGING,MEMER,TOLEDO,DTOL01,1390,STO1390
TOTAL,TOTUS,EMERGING,MEMER,TOPEKA,DTOP01,1222,STO1222
TOTAL,TOTUS,EMERGING,MEMER,"TRI-CITIES, TN-VA",DTRI01,1142,STR1142
TOTAL,TOTUS,EMERGING,MEMER,TUCSON (SIERRA VISTA),DTUC01,88,STU0088
TOTAL,TOTUS,EMERGING,MEMER,TUCSON (SIERRA VISTA),DTUC01,199,STU0199
TOTAL,TOTUS,EMERGING,MEMER,TUCSON (SIERRA VISTA),DTUC01,219,STU0219
TOTAL,TOTUS,EMERGING,MEMER,TUCSON (SIERRA VISTA),DTUC01,301,STU0301
TOTAL,TOTUS,EMERGING,MEMER,TUCSON (SIERRA VISTA),DTUC01,373,STU0373
TOTAL,TOTUS,EMERGING,MEMER,TUCSON (SIERRA VISTA),DTUC01,1199,STU1199
TOTAL,TOTUS,EMERGING,MEMER,TULSA,DTUL01,64,STU0064
TOTAL,TOTUS,EMERGING,MEMER,TULSA,DTUL01,448,STU0448
TOTAL,TOTUS,EMERGING,MEMER,TULSA,DTUL01,524,STU0524
TOTAL,TOTUS,EMERGING,MEMER,TULSA,DTUL01,1260,STU1260
TOTAL,TOTUS,EMERGING,MEMER,TULSA,DTUL01,1458,STU1458
TOTAL,TOTUS,EMERGING,MEMER,TYLER-LONGVIEW(LFKN&NCGD),DTYL01,33,STY0033
TOTAL,TOTUS,EMERGING,MEMER,TYLER-LONGVIEW(LFKN&NCGD),DTYL01,119,STY0119
TOTAL,TOTUS,EMERGING,MEMER,TYLER-LONGVIEW(LFKN&NCGD),DTYL01,201,STY0201
TOTAL,TOTUS,EMERGING,MEMER,TYLER-LONGVIEW(LFKN&NCGD),DTYL01,362,STY0362
TOTAL,TOTUS,EMERGING,MEMER,TYLER-LONGVIEW(LFKN&NCGD),DTYL01,374,STY0374
TOTAL,TOTUS,EMERGING,MEMER,TYLER-LONGVIEW(LFKN&NCGD),DTYL01,558,STY0558
TOTAL,TOTUS,EMERGING,MEMER,TYLER-LONGVIEW(LFKN&NCGD),DTYL01,811,STY0811
TOTAL,TOTUS,EMERGING,MEMER,TYLER-LONGVIEW(LFKN&NCGD),DTYL01,861,STY0861
TOTAL,TOTUS,EMERGING,MEMER,TYLER-LONGVIEW(LFKN&NCGD),DTYL01,1159,STY1159
TOTAL,TOTUS,EMERGING,MEMER,UTICA,DUTI01,1500,SUT1500
TOTAL,TOTUS,EMERGING,MEMER,UTICA,DUTI01,1591,SUT1591
TOTAL,TOTUS,EMERGING,MEMER,VICTORIA,DVIC01,262,SVI0262
TOTAL,TOTUS,EMERGING,MEMER,WACO-TEMPLE-BRYAN,DWAC01,11,SWA0011
TOTAL,TOTUS,EMERGING,MEMER,WACO-TEMPLE-BRYAN,DWAC01,22,SWA0022
TOTAL,TOTUS,EMERGING,MEMER,WACO-TEMPLE-BRYAN,DWAC01,35,SWA0035
TOTAL,TOTUS,EMERGING,MEMER,WACO-TEMPLE-BRYAN,DWAC01,77,SWA0077
TOTAL,TOTUS,EMERGING,MEMER,WACO-TEMPLE-BRYAN,DWAC01,253,SWA0253
TOTAL,TOTUS,EMERGING,MEMER,WACO-TEMPLE-BRYAN,DWAC01,423,SWA0423
TOTAL,TOTUS,EMERGING,MEMER,WACO-TEMPLE-BRYAN,DWAC01,502,SWA0502
TOTAL,TOTUS,EMERGING,MEMER,WACO-TEMPLE-BRYAN,DWAC01,710,SWA0710
TOTAL,TOTUS,EMERGING,MEMER,WACO-TEMPLE-BRYAN,DWAC01,1066,SWA1066
TOTAL,TOTUS,EMERGING,MEMER,WACO-TEMPLE-BRYAN,DWAC01,1100,SWA1100
TOTAL,TOTUS,EMERGING,MEMER,WACO-TEMPLE-BRYAN,DWAC01,1354,SWA1354
TOTAL,TOTUS,EMERGING,MEMER,"WASHINGTON, DC (HAGRSTWN)",DWAS01,75,SWA0075
TOTAL,TOTUS,EMERGING,MEMER,"WASHINGTON, DC (HAGRSTWN)",DWAS01,103,SWA0103
TOTAL,TOTUS,EMERGING,MEMER,"WASHINGTON, DC (HAGRSTWN)",DWAS01,238,SWA0238
TOTAL,TOTUS,EMERGING,MEMER,"WASHINGTON, DC (HAGRSTWN)",DWAS01,709,SWA0709
TOTAL,TOTUS,EMERGING,MEMER,"WASHINGTON, DC (HAGRSTWN)",DWAS01,737,SWA0737
TOTAL,TOTUS,EMERGING,MEMER,"WASHINGTON, DC (HAGRSTWN)",DWAS01,786,SWA0786
TOTAL,TOTUS,EMERGING,MEMER,"WASHINGTON, DC (HAGRSTWN)",DWAS01,810,SWA0810
TOTAL,TOTUS,EMERGING,MEMER,"WASHINGTON, DC (HAGRSTWN)",DWAS01,825,SWA0825
TOTAL,TOTUS,EMERGING,MEMER,"WASHINGTON, DC (HAGRSTWN)",DWAS01,839,SWA0839
TOTAL,TOTUS,EMERGING,MEMER,"WASHINGTON, DC (HAGRSTWN)",DWAS01,1055,SWA1055
TOTAL,TOTUS,EMERGING,MEMER,"WASHINGTON, DC (HAGRSTWN)",DWAS01,1080,SWA1080
TOTAL,TOTUS,EMERGING,MEMER,"WASHINGTON, DC (HAGRSTWN)",DWAS01,1129,SWA1129
TOTAL,TOTUS,EMERGING,MEMER,"WASHINGTON, DC (HAGRSTWN)",DWAS01,1140,SWA1140
TOTAL,TOTUS,EMERGING,MEMER,"WASHINGTON, DC (HAGRSTWN)",DWAS01,1207,SWA1207
TOTAL,TOTUS,EMERGING,MEMER,"WASHINGTON, DC (HAGRSTWN)",DWAS01,1210,SWA1210
TOTAL,TOTUS,EMERGING,MEMER,"WASHINGTON, DC (HAGRSTWN)",DWAS01,1214,SWA1214
TOTAL,TOTUS,EMERGING,MEMER,"WASHINGTON, DC (HAGRSTWN)",DWAS01,1227,SWA1227
TOTAL,TOTUS,EMERGING,MEMER,"WASHINGTON, DC (HAGRSTWN)",DWAS01,1228,SWA1228
TOTAL,TOTUS,EMERGING,MEMER,"WASHINGTON, DC (HAGRSTWN)",DWAS01,1242,SWA1242
TOTAL,TOTUS,EMERGING,MEMER,"WASHINGTON, DC (HAGRSTWN)",DWAS01,1295,SWA1295
TOTAL,TOTUS,EMERGING,MEMER,"WASHINGTON, DC (HAGRSTWN)",DWAS01,1298,SWA1298
TOTAL,TOTUS,EMERGING,MEMER,"WASHINGTON, DC (HAGRSTWN)",DWAS01,1326,SWA1326
TOTAL,TOTUS,EMERGING,MEMER,"WASHINGTON, DC (HAGRSTWN)",DWAS01,1342,SWA1342
TOTAL,TOTUS,EMERGING,MEMER,"WASHINGTON, DC (HAGRSTWN)",DWAS01,1372,SWA1372
TOTAL,TOTUS,EMERGING,MEMER,"WASHINGTON, DC (HAGRSTWN)",DWAS01,1404,SWA1404
TOTAL,TOTUS,EMERGING,MEMER,"WASHINGTON, DC (HAGRSTWN)",DWAS01,1425,SWA1425
TOTAL,TOTUS,EMERGING,MEMER,"WASHINGTON, DC (HAGRSTWN)",DWAS01,1428,SWA1428
TOTAL,TOTUS,EMERGING,MEMER,"WASHINGTON, DC (HAGRSTWN)",DWAS01,1462,SWA1462
TOTAL,TOTUS,EMERGING,MEMER,WEST PALM BEACH-FT. PIERCE,DWES01,670,SWE0670
TOTAL,TOTUS,EMERGING,MEMER,WEST PALM BEACH-FT. PIERCE,DWES01,1041,SWE1041
TOTAL,TOTUS,EMERGING,MEMER,WEST PALM BEACH-FT. PIERCE,DWES01,1122,SWE1122
TOTAL,TOTUS,EMERGING,MEMER,WEST PALM BEACH-FT. PIERCE,DWES01,1201,SWE1201
TOTAL,TOTUS,EMERGING,MEMER,WEST PALM BEACH-FT. PIERCE,DWES01,1312,SWE1312
TOTAL,TOTUS,EMERGING,MEMER,WEST PALM BEACH-FT. PIERCE,DWES01,1466,SWE1466
TOTAL,TOTUS,EMERGING,MEMER,WICHITA FALLS & LAWTON,DWIC01,123,SWI0123
TOTAL,TOTUS,EMERGING,MEMER,WICHITA FALLS & LAWTON,DWIC01,1095,SWI1095
TOTAL,TOTUS,EMERGING,MEMER,WICHITA-HUTCHINSON PLUS,DWIC01,838,SWI0838
TOTAL,TOTUS,EMERGING,MEMER,WILMINGTON,DWIL01,1413,SWI1413
TOTAL,TOTUS,EMERGING,MEMER,YAKIMA-PASCO-RCHLND-KNNWCK,DYAK01,489,SYA0489
TOTAL,TOTUS,EMERGING,MEMER,YAKIMA-PASCO-RCHLND-KNNWCK,DYAK01,556,SYA0556
TOTAL,TOTUS,EMERGING,MEMER,YUMA-EL CENTRO,DYUM01,857,SYU0857
